{
  "timestamp": "2026-01-17T14:12:36.440982",
  "days_collected": 0,
  "peak_correlation": 0.8988448328826523,
  "optimal_lag": -1,
  "verdict": "UNCLEAR",
  "timeseries": null,
  "lag_correlation": {
    "lags": [
      -15,
      -14,
      -13,
      -12,
      -11,
      -10,
      -9,
      -8,
      -7,
      -6,
      -5,
      -4,
      -3,
      -2,
      -1,
      0,
      1,
      2,
      3,
      4,
      5,
      6,
      7,
      8,
      9,
      10,
      11,
      12,
      13,
      14,
      15
    ],
    "correlations": [
      0.6681376533041107,
      0.7869637300588849,
      0.5367717492855769,
      0.22216669076590057,
      -0.047500643868640974,
      -0.15387017382677928,
      -0.2361967673220958,
      -0.33036115192950577,
      -0.45040529779136607,
      -0.5322662882275433,
      -0.40782398856193114,
      -0.0391491940216362,
      0.3487557124938912,
      0.7537750809603926,
      0.8988448328826523,
      0.5764232691553004,
      0.09140009401903436,
      -0.24223165173050337,
      -0.3772557783987095,
      -0.4028391907214129,
      -0.3682054425293898,
      -0.3201194039216697,
      -0.27717782772429617,
      -0.20582098512243366,
      -0.06238841623873098,
      0.2104543688708471,
      0.6481199606848322,
      0.8931603703984082,
      0.6271657768930582,
      -0.0025607384160772594,
      -0.45340718689683446
    ]
  },
  "pairs": {
    "cascadia_tokyo": {
      "r": 0.58,
      "p_value": 0.001,
      "significant": true,
      "optimal_lag": -1,
      "lag_r": 0.9,
      "tidal_phase_diff": 149.0
    },
    "hayward_tokyo": {
      "r": 0.48,
      "p_value": 0.008,
      "significant": true,
      "optimal_lag": -1,
      "tidal_phase_diff": 145.4
    },
    "hayward_hualien": {
      "r": 0.27,
      "p_value": 0.152,
      "significant": false,
      "note": "Calibration artifact confirmed",
      "tidal_phase_diff": 110.4
    }
  },
  "hypothesis_status": {
    "h0_tidal": "REJECTED",
    "h0_timezone": "REJECTED",
    "h1_physical": "PENDING"
  }
}