date,region,tier,risk,confidence,methods,agreement
2025-10-18,ridgecrest,0,0.1353,0.80,3,all_normal
2025-10-18,socal_saf_mojave,0,0.1244,0.80,3,all_normal
2025-10-18,socal_saf_coachella,0,0.1328,0.80,3,all_normal
2025-10-18,norcal_hayward,1,0.3202,0.75,2,mostly_elevated
2025-10-18,cascadia,1,0.2956,0.60,3,mixed
2025-10-18,tokyo_kanto,0,0.1931,0.60,3,mixed
2025-10-18,istanbul_marmara,0,0.0321,0.80,3,all_normal
2025-10-18,turkey_kahramanmaras,0,0.1041,0.80,2,all_normal
2025-10-18,kaikoura,0,0.0701,0.80,2,all_normal
2025-10-18,anchorage,1,0.4286,0.75,2,mostly_elevated
2025-10-18,kumamoto,0,0.2343,0.75,2,mostly_elevated
2025-10-18,hualien,0,0.1435,0.50,1,single_method
2025-10-18,mexico_guerrero,0,0.0067,0.80,2,all_normal
2025-10-19,ridgecrest,0,0.1167,0.80,3,all_normal
2025-10-19,socal_saf_mojave,0,0.1082,0.80,3,all_normal
2025-10-19,socal_saf_coachella,0,0.1126,0.80,3,all_normal
2025-10-19,norcal_hayward,0,0.1086,0.80,2,all_normal
2025-10-19,cascadia,0,0.2195,0.60,3,mixed
2025-10-19,tokyo_kanto,0,0.1919,0.60,3,mixed
2025-10-19,istanbul_marmara,0,0.0352,0.80,3,all_normal
2025-10-19,turkey_kahramanmaras,0,0.0481,0.80,2,all_normal
2025-10-19,kaikoura,0,0.0895,0.80,2,all_normal
2025-10-19,anchorage,1,0.4286,0.75,2,mostly_elevated
2025-10-19,kumamoto,0,0.2190,0.75,2,mostly_elevated
2025-10-19,hualien,0,0.1959,0.50,1,single_method
2025-10-19,mexico_guerrero,0,0.0070,0.80,2,all_normal
2025-10-20,ridgecrest,0,0.1097,0.80,3,all_normal
2025-10-20,socal_saf_mojave,0,0.1124,0.80,3,all_normal
2025-10-20,socal_saf_coachella,0,0.1237,0.80,3,all_normal
2025-10-20,norcal_hayward,0,0.1413,0.80,2,all_normal
2025-10-20,cascadia,0,0.1795,0.80,3,all_normal
2025-10-20,tokyo_kanto,0,0.2014,0.80,3,all_normal
2025-10-20,istanbul_marmara,0,0.0395,0.80,3,all_normal
2025-10-20,turkey_kahramanmaras,0,0.0842,0.80,2,all_normal
2025-10-20,kaikoura,0,0.1004,0.80,2,all_normal
2025-10-20,anchorage,1,0.3440,0.75,2,mostly_elevated
2025-10-20,kumamoto,0,0.2136,0.80,2,all_normal
2025-10-20,hualien,0,0.1479,0.50,1,single_method
2025-10-20,mexico_guerrero,0,0.0000,0.80,2,all_normal
2025-10-21,ridgecrest,0,0.0949,0.80,3,all_normal
2025-10-21,socal_saf_mojave,0,0.0828,0.80,3,all_normal
2025-10-21,socal_saf_coachella,0,0.0930,0.80,3,all_normal
2025-10-21,norcal_hayward,0,0.1550,0.80,2,all_normal
2025-10-21,cascadia,0,0.1415,0.80,3,all_normal
2025-10-21,tokyo_kanto,0,0.1629,0.80,3,all_normal
2025-10-21,istanbul_marmara,0,0.0474,0.80,3,all_normal
2025-10-21,turkey_kahramanmaras,0,0.0936,0.80,2,all_normal
2025-10-21,kaikoura,0,0.1304,0.80,2,all_normal
2025-10-21,anchorage,0,0.2382,0.75,2,mostly_elevated
2025-10-21,kumamoto,0,0.1827,0.80,2,all_normal
2025-10-21,hualien,0,0.1610,0.50,1,single_method
2025-10-21,mexico_guerrero,0,0.0095,0.80,2,all_normal
2025-10-22,ridgecrest,0,0.0820,0.80,3,all_normal
2025-10-22,socal_saf_mojave,0,0.0742,0.80,3,all_normal
2025-10-22,socal_saf_coachella,0,0.0832,0.80,3,all_normal
2025-10-22,norcal_hayward,0,0.0868,0.80,2,all_normal
2025-10-22,cascadia,0,0.1068,0.80,3,all_normal
2025-10-22,tokyo_kanto,0,0.1329,0.80,3,all_normal
2025-10-22,istanbul_marmara,0,0.0669,0.80,3,all_normal
2025-10-22,turkey_kahramanmaras,0,0.1283,0.80,2,all_normal
2025-10-22,kaikoura,0,0.1715,0.80,2,all_normal
2025-10-22,anchorage,0,0.1464,0.80,2,all_normal
2025-10-22,kumamoto,0,0.1485,0.80,2,all_normal
2025-10-22,hualien,0,0.1320,0.50,1,single_method
2025-10-22,mexico_guerrero,0,0.0320,0.80,2,all_normal
2025-10-23,ridgecrest,0,0.0772,0.80,3,all_normal
2025-10-23,socal_saf_mojave,0,0.0803,0.80,3,all_normal
2025-10-23,socal_saf_coachella,0,0.0864,0.80,3,all_normal
2025-10-23,norcal_hayward,0,0.0213,0.80,2,all_normal
2025-10-23,cascadia,0,0.0955,0.80,3,all_normal
2025-10-23,tokyo_kanto,0,0.1022,0.80,3,all_normal
2025-10-23,istanbul_marmara,0,0.0693,0.80,3,all_normal
2025-10-23,turkey_kahramanmaras,0,0.1091,0.80,2,all_normal
2025-10-23,kaikoura,0,0.2265,0.75,2,mostly_elevated
2025-10-23,anchorage,0,0.0962,0.80,2,all_normal
2025-10-23,kumamoto,0,0.1058,0.80,2,all_normal
2025-10-23,hualien,0,0.1132,0.50,1,single_method
2025-10-23,mexico_guerrero,0,0.0365,0.80,2,all_normal
2025-10-24,ridgecrest,0,0.0562,0.80,3,all_normal
2025-10-24,socal_saf_mojave,0,0.0482,0.80,3,all_normal
2025-10-24,socal_saf_coachella,0,0.0575,0.80,3,all_normal
2025-10-24,norcal_hayward,0,0.0329,0.80,2,all_normal
2025-10-24,cascadia,0,0.0828,0.80,3,all_normal
2025-10-24,tokyo_kanto,0,0.0971,0.80,3,all_normal
2025-10-24,istanbul_marmara,0,0.0811,0.80,3,all_normal
2025-10-24,turkey_kahramanmaras,0,0.1686,0.80,2,all_normal
2025-10-24,kaikoura,1,0.2916,0.75,2,mostly_elevated
2025-10-24,anchorage,0,0.0739,0.80,2,all_normal
2025-10-24,kumamoto,0,0.0713,0.80,2,all_normal
2025-10-24,hualien,0,0.0897,0.50,1,single_method
2025-10-24,mexico_guerrero,0,0.0769,0.80,2,all_normal
2025-10-25,ridgecrest,0,0.0432,0.80,3,all_normal
2025-10-25,socal_saf_mojave,0,0.0313,0.80,3,all_normal
2025-10-25,socal_saf_coachella,0,0.0453,0.80,3,all_normal
2025-10-25,norcal_hayward,0,0.0208,0.80,2,all_normal
2025-10-25,cascadia,0,0.0438,0.80,3,all_normal
2025-10-25,tokyo_kanto,0,0.0806,0.80,3,all_normal
2025-10-25,istanbul_marmara,0,0.0690,0.80,3,all_normal
2025-10-25,turkey_kahramanmaras,0,0.1412,0.80,2,all_normal
2025-10-25,kaikoura,1,0.3362,0.75,2,mostly_elevated
2025-10-25,anchorage,0,0.0489,0.80,2,all_normal
2025-10-25,kumamoto,0,0.0354,0.80,2,all_normal
2025-10-25,hualien,0,0.0803,0.50,1,single_method
2025-10-25,mexico_guerrero,0,0.0620,0.80,2,all_normal
2025-10-26,ridgecrest,0,0.0365,0.80,3,all_normal
2025-10-26,socal_saf_mojave,0,0.0278,0.80,3,all_normal
2025-10-26,socal_saf_coachella,0,0.0384,0.80,3,all_normal
2025-10-26,norcal_hayward,0,0.0134,0.80,2,all_normal
2025-10-26,cascadia,0,0.0454,0.80,3,all_normal
2025-10-26,tokyo_kanto,0,0.0391,0.80,3,all_normal
2025-10-26,istanbul_marmara,0,0.0749,0.80,3,all_normal
2025-10-26,turkey_kahramanmaras,0,0.1115,0.80,2,all_normal
2025-10-26,kaikoura,1,0.3384,0.75,2,mostly_elevated
2025-10-26,anchorage,0,0.0225,0.80,2,all_normal
2025-10-26,kumamoto,0,0.0166,0.80,2,all_normal
2025-10-26,hualien,0,0.0736,0.50,1,single_method
2025-10-26,mexico_guerrero,0,0.0559,0.80,2,all_normal
2025-10-27,ridgecrest,0,0.0441,0.80,3,all_normal
2025-10-27,socal_saf_mojave,0,0.0277,0.80,3,all_normal
2025-10-27,socal_saf_coachella,0,0.0416,0.80,3,all_normal
2025-10-27,norcal_hayward,0,0.0065,0.80,2,all_normal
2025-10-27,cascadia,0,0.0530,0.80,3,all_normal
2025-10-27,tokyo_kanto,0,0.0409,0.80,3,all_normal
2025-10-27,istanbul_marmara,0,0.0934,0.80,3,all_normal
2025-10-27,turkey_kahramanmaras,0,0.1884,0.80,2,all_normal
2025-10-27,kaikoura,1,0.2591,0.75,2,mostly_elevated
2025-10-27,anchorage,0,0.0116,0.80,2,all_normal
2025-10-27,kumamoto,0,0.0081,0.80,2,all_normal
2025-10-27,hualien,0,0.0816,0.50,1,single_method
2025-10-27,mexico_guerrero,0,0.0764,0.80,2,all_normal
2025-10-28,ridgecrest,1,0.2505,0.60,3,mixed
2025-10-28,socal_saf_mojave,0,0.2128,0.60,3,mixed
2025-10-28,socal_saf_coachella,0,0.2126,0.60,3,mixed
2025-10-28,norcal_hayward,0,0.0000,0.80,2,all_normal
2025-10-28,cascadia,0,0.2145,0.60,3,mixed
2025-10-28,tokyo_kanto,0,0.0327,0.80,3,all_normal
2025-10-28,istanbul_marmara,1,0.3178,0.60,3,mixed
2025-10-28,turkey_kahramanmaras,1,0.4348,0.75,2,mostly_elevated
2025-10-28,kaikoura,0,0.0518,0.80,2,all_normal
2025-10-28,anchorage,0,0.0003,0.80,2,all_normal
2025-10-28,kumamoto,0,0.0000,0.80,2,all_normal
2025-10-28,hualien,0,0.1260,0.50,1,single_method
2025-10-28,mexico_guerrero,0,0.0857,0.80,2,all_normal
2025-10-29,ridgecrest,0,0.0377,0.80,3,all_normal
2025-10-29,socal_saf_mojave,0,0.0296,0.80,3,all_normal
2025-10-29,socal_saf_coachella,0,0.0334,0.80,3,all_normal
2025-10-29,norcal_hayward,0,0.0000,0.80,2,all_normal
2025-10-29,cascadia,0,0.0310,0.80,3,all_normal
2025-10-29,tokyo_kanto,0,0.0367,0.80,3,all_normal
2025-10-29,istanbul_marmara,0,0.1831,0.60,3,mixed
2025-10-29,turkey_kahramanmaras,0,0.1564,0.80,2,all_normal
2025-10-29,kaikoura,0,0.0054,0.80,2,all_normal
2025-10-29,anchorage,0,0.0000,0.80,2,all_normal
2025-10-29,kumamoto,0,0.0000,0.80,2,all_normal
2025-10-29,hualien,1,0.4553,0.50,1,single_method
2025-10-29,mexico_guerrero,0,0.0178,0.80,2,all_normal
2025-10-30,ridgecrest,0,0.0552,0.80,3,all_normal
2025-10-30,socal_saf_mojave,0,0.0458,0.80,3,all_normal
2025-10-30,socal_saf_coachella,0,0.0497,0.80,3,all_normal
2025-10-30,norcal_hayward,0,0.0114,0.80,2,all_normal
2025-10-30,cascadia,0,0.0451,0.80,3,all_normal
2025-10-30,tokyo_kanto,1,0.3000,0.60,3,mixed
2025-10-30,istanbul_marmara,0,0.0281,0.80,3,all_normal
2025-10-30,turkey_kahramanmaras,0,0.0353,0.80,2,all_normal
2025-10-30,kaikoura,0,0.0020,0.80,2,all_normal
2025-10-30,anchorage,0,0.0000,0.80,2,all_normal
2025-10-30,kumamoto,1,0.3674,0.75,2,mostly_elevated
2025-10-30,hualien,1,0.5927,0.50,1,single_method
2025-10-30,mexico_guerrero,0,0.0091,0.80,2,all_normal
2025-10-31,ridgecrest,0,0.0479,0.80,3,all_normal
2025-10-31,socal_saf_mojave,0,0.0392,0.80,3,all_normal
2025-10-31,socal_saf_coachella,0,0.0490,0.80,3,all_normal
2025-10-31,norcal_hayward,1,0.2595,0.75,2,mostly_elevated
2025-10-31,cascadia,0,0.0769,0.80,3,all_normal
2025-10-31,tokyo_kanto,1,0.3259,0.60,3,mixed
2025-10-31,istanbul_marmara,0,0.0279,0.80,3,all_normal
2025-10-31,turkey_kahramanmaras,0,0.0309,0.80,2,all_normal
2025-10-31,kaikoura,0,0.0132,0.80,2,all_normal
2025-10-31,anchorage,0,0.0258,0.80,2,all_normal
2025-10-31,kumamoto,1,0.4177,0.75,2,mostly_elevated
2025-10-31,hualien,0,0.1775,0.50,1,single_method
2025-10-31,mexico_guerrero,0,0.0094,0.80,2,all_normal
2025-11-01,ridgecrest,0,0.1097,0.80,3,all_normal
2025-11-01,socal_saf_mojave,0,0.0977,0.80,3,all_normal
2025-11-01,socal_saf_coachella,0,0.1133,0.80,3,all_normal
2025-11-01,norcal_hayward,1,0.2630,0.75,2,mostly_elevated
2025-11-01,cascadia,0,0.2133,0.60,3,mixed
2025-11-01,tokyo_kanto,1,0.2829,0.60,3,mixed
2025-11-01,istanbul_marmara,0,0.0329,0.80,3,all_normal
2025-11-01,turkey_kahramanmaras,0,0.0620,0.80,2,all_normal
2025-11-01,kaikoura,0,0.0449,0.80,2,all_normal
2025-11-01,anchorage,1,0.4146,0.75,2,mostly_elevated
2025-11-01,kumamoto,1,0.3347,0.75,2,mostly_elevated
2025-11-01,hualien,0,0.1950,0.50,1,single_method
2025-11-01,mexico_guerrero,0,0.0034,0.80,2,all_normal
2025-11-02,ridgecrest,0,0.1193,0.80,3,all_normal
2025-11-02,socal_saf_mojave,0,0.1002,0.80,3,all_normal
2025-11-02,socal_saf_coachella,0,0.1160,0.80,3,all_normal
2025-11-02,norcal_hayward,0,0.1938,0.80,2,all_normal
2025-11-02,cascadia,0,0.2231,0.60,3,mixed
2025-11-02,tokyo_kanto,0,0.1854,0.60,3,mixed
2025-11-02,istanbul_marmara,0,0.0391,0.80,3,all_normal
2025-11-02,turkey_kahramanmaras,0,0.0635,0.80,2,all_normal
2025-11-02,kaikoura,0,0.0867,0.80,2,all_normal
2025-11-02,anchorage,1,0.4286,0.75,2,mostly_elevated
2025-11-02,kumamoto,0,0.2247,0.75,2,mostly_elevated
2025-11-02,hualien,0,0.1857,0.50,1,single_method
2025-11-02,mexico_guerrero,0,0.0037,0.80,2,all_normal
2025-11-03,ridgecrest,0,0.0988,0.80,3,all_normal
2025-11-03,socal_saf_mojave,0,0.2338,0.60,3,mixed
2025-11-03,socal_saf_coachella,0,0.1775,0.80,3,all_normal
2025-11-03,norcal_hayward,0,0.1477,0.80,2,all_normal
2025-11-03,cascadia,0,0.1880,0.80,3,all_normal
2025-11-03,tokyo_kanto,0,0.1614,0.80,3,all_normal
2025-11-03,istanbul_marmara,0,0.0253,0.80,3,all_normal
2025-11-03,turkey_kahramanmaras,1,0.3191,0.75,2,mostly_elevated
2025-11-03,kaikoura,1,0.4286,0.75,2,mostly_elevated
2025-11-03,anchorage,1,0.4022,0.75,2,mostly_elevated
2025-11-03,kumamoto,0,0.1701,0.80,2,all_normal
2025-11-03,hualien,0,0.1865,0.50,1,single_method
2025-11-03,mexico_guerrero,0,0.0035,0.80,2,all_normal
2025-11-04,anchorage,1,0.2757,0.75,2,mostly_elevated
2025-11-04,kumamoto,0,0.1471,0.80,2,all_normal
2025-11-04,hualien,0,0.1703,0.50,1,single_method
2025-11-04,mexico_guerrero,0,0.0101,0.80,2,all_normal
2025-11-05,ridgecrest,0,0.0682,0.80,3,all_normal
2025-11-05,socal_saf_mojave,0,0.0638,0.80,3,all_normal
2025-11-05,socal_saf_coachella,0,0.0725,0.80,3,all_normal
2025-11-05,norcal_hayward,0,0.0714,0.80,2,all_normal
2025-11-05,cascadia,0,0.1154,0.80,3,all_normal
2025-11-05,tokyo_kanto,0,0.1365,0.80,3,all_normal
2025-11-05,istanbul_marmara,0,0.1468,0.80,3,all_normal
2025-11-05,turkey_kahramanmaras,1,0.3000,0.80,2,all_normal
2025-11-05,kaikoura,0,0.0000,0.50,1,single_method
2025-11-05,anchorage,0,0.1382,0.80,2,all_normal
2025-11-05,kumamoto,0,0.1125,0.80,2,all_normal
2025-11-05,hualien,0,0.1349,0.50,1,single_method
2025-11-05,mexico_guerrero,0,0.0193,0.80,2,all_normal
2025-11-06,kumamoto,0,0.0851,0.80,2,all_normal
2025-11-06,hualien,0,0.0945,0.50,1,single_method
2025-11-06,mexico_guerrero,0,0.0406,0.80,2,all_normal
2025-11-07,mexico_guerrero,0,0.0446,0.80,2,all_normal
2025-11-07,hualien,0,0.0544,0.50,1,single_method
2025-11-08,hualien,0,0.0437,0.50,1,single_method
2025-11-09,kumamoto,0,0.0084,0.80,2,all_normal
2025-11-09,hualien,0,0.0442,0.50,1,single_method
2025-11-09,mexico_guerrero,0,0.0913,0.80,2,all_normal
2025-11-10,hualien,0,0.0888,0.50,1,single_method
2025-11-11,hualien,1,0.3108,0.50,1,single_method
2025-11-12,ridgecrest,0,0.0273,0.80,3,all_normal
2025-11-12,socal_saf_mojave,0,0.0181,0.80,3,all_normal
2025-11-12,socal_saf_coachella,0,0.0273,0.80,3,all_normal
2025-11-12,norcal_hayward,0,0.0196,0.80,2,all_normal
2025-11-12,cascadia,0,0.0380,0.80,3,all_normal
2025-11-12,tokyo_kanto,1,0.2839,0.60,3,mixed
2025-11-12,istanbul_marmara,0,0.0492,0.80,3,all_normal
2025-11-12,turkey_kahramanmaras,0,0.0670,0.80,2,all_normal
2025-11-12,campi_flegrei,0,0.1153,0.80,2,all_normal
2025-11-12,kaikoura,0,0.0000,0.50,1,single_method
2025-11-12,anchorage,1,0.4286,0.75,2,mostly_elevated
2025-11-12,kumamoto,1,0.3603,0.75,2,mostly_elevated
2025-11-12,hualien,1,0.5752,0.50,1,single_method
2025-11-12,mexico_guerrero,1,0.3268,0.75,2,mostly_elevated
2025-11-13,ridgecrest,0,0.0666,0.80,3,all_normal
2025-11-13,socal_saf_mojave,0,0.0783,0.80,3,all_normal
2025-11-13,socal_saf_coachella,0,0.0842,0.80,3,all_normal
2025-11-13,norcal_hayward,1,0.2525,0.75,2,mostly_elevated
2025-11-13,cascadia,0,0.1443,0.80,3,all_normal
2025-11-13,tokyo_kanto,1,0.3576,0.60,3,mixed
2025-11-13,istanbul_marmara,0,0.1245,0.80,3,all_normal
2025-11-13,turkey_kahramanmaras,0,0.2316,0.80,2,all_normal
2025-11-13,campi_flegrei,0,0.1231,0.80,2,all_normal
2025-11-13,kaikoura,0,0.0000,0.50,1,single_method
2025-11-13,anchorage,1,0.4286,0.75,2,mostly_elevated
2025-11-13,kumamoto,1,0.4286,0.75,2,mostly_elevated
2025-11-13,hualien,0,0.1364,0.50,1,single_method
2025-11-13,mexico_guerrero,0,0.0116,0.80,2,all_normal
2025-11-14,ridgecrest,0,0.2413,0.60,3,mixed
2025-11-14,socal_saf_mojave,0,0.2327,0.60,3,mixed
2025-11-14,socal_saf_coachella,0,0.2385,0.60,3,mixed
2025-11-14,norcal_hayward,0,0.1631,0.80,2,all_normal
2025-11-14,cascadia,1,0.3132,0.60,3,mixed
2025-11-14,tokyo_kanto,0,0.2041,0.80,3,all_normal
2025-11-14,istanbul_marmara,0,0.2035,0.60,3,mixed
2025-11-14,turkey_kahramanmaras,0,0.0655,0.80,2,all_normal
2025-11-14,campi_flegrei,0,0.0487,0.80,2,all_normal
2025-11-14,kaikoura,1,0.4286,0.75,2,mostly_elevated
2025-11-14,anchorage,1,0.4286,0.75,2,mostly_elevated
2025-11-14,kumamoto,0,0.2125,0.80,2,all_normal
2025-11-14,hualien,0,0.0732,0.50,1,single_method
2025-11-14,mexico_guerrero,0,0.0105,0.80,2,all_normal
2025-11-15,ridgecrest,0,0.2370,0.60,3,mixed
2025-11-15,socal_saf_mojave,0,0.2403,0.60,3,mixed
2025-11-15,socal_saf_coachella,0,0.2483,0.60,3,mixed
2025-11-15,norcal_hayward,1,0.3144,0.75,2,mostly_elevated
2025-11-15,cascadia,1,0.2945,0.60,3,mixed
2025-11-15,tokyo_kanto,0,0.0869,0.80,3,all_normal
2025-11-15,istanbul_marmara,0,0.0268,0.80,3,all_normal
2025-11-15,turkey_kahramanmaras,0,0.0338,0.80,2,all_normal
2025-11-15,campi_flegrei,0,0.0528,0.80,2,all_normal
2025-11-15,kaikoura,0,0.0826,0.80,2,all_normal
2025-11-15,anchorage,1,0.4286,0.75,2,mostly_elevated
2025-11-15,kumamoto,0,0.0820,0.80,2,all_normal
2025-11-15,hualien,0,0.0752,0.50,1,single_method
2025-11-15,mexico_guerrero,0,0.0050,0.80,2,all_normal
2025-11-16,ridgecrest,0,0.1767,0.80,3,all_normal
2025-11-16,socal_saf_mojave,0,0.1728,0.80,3,all_normal
2025-11-16,socal_saf_coachella,0,0.1755,0.80,3,all_normal
2025-11-16,norcal_hayward,0,0.0823,0.80,2,all_normal
2025-11-16,cascadia,0,0.2017,0.60,3,mixed
2025-11-16,tokyo_kanto,0,0.0696,0.80,3,all_normal
2025-11-16,istanbul_marmara,0,0.0465,0.80,3,all_normal
2025-11-16,turkey_kahramanmaras,0,0.0424,0.80,2,all_normal
2025-11-16,campi_flegrei,0,0.0554,0.80,2,all_normal
2025-11-16,kaikoura,0,0.1494,0.80,2,all_normal
2025-11-16,anchorage,1,0.4286,0.75,2,mostly_elevated
2025-11-16,kumamoto,0,0.0598,0.80,2,all_normal
2025-11-16,hualien,0,0.0799,0.50,1,single_method
2025-11-16,mexico_guerrero,0,0.0032,0.80,2,all_normal
2025-11-17,ridgecrest,0,0.1015,0.80,3,all_normal
2025-11-17,socal_saf_mojave,0,0.1125,0.80,3,all_normal
2025-11-17,socal_saf_coachella,0,0.1197,0.80,3,all_normal
2025-11-17,norcal_hayward,0,0.0977,0.80,2,all_normal
2025-11-17,cascadia,0,0.1134,0.80,3,all_normal
2025-11-17,tokyo_kanto,0,0.0666,0.80,3,all_normal
2025-11-17,istanbul_marmara,0,0.0391,0.80,3,all_normal
2025-11-17,turkey_kahramanmaras,0,0.0523,0.80,2,all_normal
2025-11-17,kaikoura,0,0.1856,0.80,2,all_normal
2025-11-17,anchorage,0,0.1308,0.80,2,all_normal
2025-11-17,kumamoto,0,0.0511,0.80,2,all_normal
2025-11-17,hualien,0,0.0890,0.50,1,single_method
2025-11-17,mexico_guerrero,0,0.0029,0.80,2,all_normal
2025-11-18,ridgecrest,0,0.0738,0.80,3,all_normal
2025-11-18,socal_saf_mojave,0,0.0628,0.80,3,all_normal
2025-11-18,socal_saf_coachella,0,0.0739,0.80,3,all_normal
2025-11-18,norcal_hayward,0,0.0602,0.80,2,all_normal
2025-11-18,cascadia,0,0.0880,0.80,3,all_normal
2025-11-18,tokyo_kanto,0,0.0960,0.80,3,all_normal
2025-11-18,hualien,0,0.0916,0.50,1,single_method
2025-11-19,ridgecrest,0,0.0571,0.80,3,all_normal
2025-11-19,socal_saf_mojave,0,0.0715,0.80,3,all_normal
2025-11-19,socal_saf_coachella,0,0.0804,0.80,3,all_normal
2025-11-19,norcal_hayward,0,0.0567,0.80,2,all_normal
2025-11-19,cascadia,0,0.0689,0.80,3,all_normal
2025-11-19,tokyo_kanto,0,0.0719,0.80,3,all_normal
2025-11-19,istanbul_marmara,0,0.0740,0.80,3,all_normal
2025-11-19,turkey_kahramanmaras,0,0.0968,0.80,2,all_normal
2025-11-19,campi_flegrei,0,0.0589,0.80,2,all_normal
2025-11-19,kaikoura,0,0.2185,0.75,2,mostly_elevated
2025-11-19,anchorage,0,0.0815,0.80,2,all_normal
2025-11-19,kumamoto,0,0.0545,0.80,2,all_normal
2025-11-19,hualien,0,0.0967,0.50,1,single_method
2025-11-19,mexico_guerrero,0,0.0150,0.80,2,all_normal
2025-11-20,ridgecrest,0,0.0462,0.80,3,all_normal
2025-11-20,socal_saf_mojave,0,0.0427,0.80,3,all_normal
2025-11-20,socal_saf_coachella,0,0.0523,0.80,3,all_normal
2025-11-20,norcal_hayward,0,0.0250,0.80,2,all_normal
2025-11-20,cascadia,0,0.0475,0.80,3,all_normal
2025-11-20,tokyo_kanto,0,0.0640,0.80,3,all_normal
2025-11-20,istanbul_marmara,0,0.0692,0.80,3,all_normal
2025-11-20,turkey_kahramanmaras,0,0.1064,0.80,2,all_normal
2025-11-20,campi_flegrei,0,0.0719,0.80,2,all_normal
2025-11-20,kaikoura,1,0.2535,0.75,2,mostly_elevated
2025-11-20,anchorage,0,0.0631,0.80,2,all_normal
2025-11-20,kumamoto,0,0.0492,0.80,2,all_normal
2025-11-20,hualien,0,0.0830,0.50,1,single_method
2025-11-20,mexico_guerrero,0,0.0209,0.80,2,all_normal
2025-11-21,ridgecrest,0,0.0399,0.80,3,all_normal
2025-11-21,socal_saf_mojave,0,0.0320,0.80,3,all_normal
2025-11-21,socal_saf_coachella,0,0.0424,0.80,3,all_normal
2025-11-21,norcal_hayward,0,0.0149,0.80,2,all_normal
2025-11-21,cascadia,0,0.0481,0.80,3,all_normal
2025-11-21,tokyo_kanto,0,0.0742,0.80,3,all_normal
2025-11-21,istanbul_marmara,0,0.0739,0.80,3,all_normal
2025-11-21,turkey_kahramanmaras,0,0.1672,0.80,2,all_normal
2025-11-21,campi_flegrei,1,0.2554,0.75,2,mostly_elevated
2025-11-21,kaikoura,1,0.2782,0.75,2,mostly_elevated
2025-11-21,anchorage,0,0.0221,0.80,2,all_normal
2025-11-21,kumamoto,0,0.0384,0.80,2,all_normal
2025-11-21,hualien,0,0.0663,0.50,1,single_method
2025-11-21,mexico_guerrero,0,0.0369,0.80,2,all_normal
2025-11-22,ridgecrest,0,0.0492,0.80,3,all_normal
2025-11-22,socal_saf_mojave,0,0.0392,0.80,3,all_normal
2025-11-22,socal_saf_coachella,0,0.0595,0.80,3,all_normal
2025-11-22,norcal_hayward,0,0.0120,0.80,2,all_normal
2025-11-22,cascadia,0,0.0455,0.80,3,all_normal
2025-11-22,tokyo_kanto,0,0.0974,0.80,3,all_normal
2025-11-22,istanbul_marmara,0,0.0740,0.80,3,all_normal
2025-11-22,turkey_kahramanmaras,0,0.1542,0.80,2,all_normal
2025-11-22,campi_flegrei,0,0.0405,0.80,2,all_normal
2025-11-22,kaikoura,1,0.3281,0.75,2,mostly_elevated
2025-11-22,anchorage,1,0.4286,0.75,2,mostly_elevated
2025-11-22,kumamoto,0,0.0212,0.80,2,all_normal
2025-11-22,hualien,0,0.0516,0.50,1,single_method
2025-11-22,mexico_guerrero,0,0.0312,0.80,2,all_normal
2025-11-23,ridgecrest,0,0.0401,0.80,3,all_normal
2025-11-23,socal_saf_mojave,0,0.0288,0.80,3,all_normal
2025-11-23,socal_saf_coachella,0,0.0375,0.80,3,all_normal
2025-11-23,norcal_hayward,0,0.0144,0.80,2,all_normal
2025-11-23,cascadia,0,0.0376,0.80,3,all_normal
2025-11-23,tokyo_kanto,0,0.0490,0.80,3,all_normal
2025-11-23,istanbul_marmara,0,0.0723,0.80,3,all_normal
2025-11-23,turkey_kahramanmaras,0,0.1370,0.80,2,all_normal
2025-11-23,campi_flegrei,0,0.1846,0.80,2,all_normal
2025-11-23,kaikoura,1,0.3427,0.75,2,mostly_elevated
2025-11-23,anchorage,1,0.4286,0.75,2,mostly_elevated
2025-11-23,kumamoto,0,0.0170,0.80,2,all_normal
2025-11-23,hualien,0,0.0489,0.50,1,single_method
2025-11-23,mexico_guerrero,0,0.0418,0.80,2,all_normal
2025-11-24,ridgecrest,0,0.0343,0.80,3,all_normal
2025-11-24,socal_saf_mojave,0,0.0247,0.80,3,all_normal
2025-11-24,socal_saf_coachella,0,0.0340,0.80,3,all_normal
2025-11-24,norcal_hayward,0,0.0113,0.80,2,all_normal
2025-11-24,cascadia,0,0.0413,0.80,3,all_normal
2025-11-24,tokyo_kanto,0,0.0416,0.80,3,all_normal
2025-11-24,istanbul_marmara,0,0.0841,0.80,3,all_normal
2025-11-24,turkey_kahramanmaras,0,0.1581,0.80,2,all_normal
2025-11-24,campi_flegrei,0,0.0710,0.80,2,all_normal
2025-11-24,kaikoura,1,0.3378,0.75,2,mostly_elevated
2025-11-24,anchorage,0,0.1197,0.80,2,all_normal
2025-11-24,kumamoto,0,0.0123,0.80,2,all_normal
2025-11-24,hualien,0,0.0467,0.50,1,single_method
2025-11-24,mexico_guerrero,0,0.0217,0.80,2,all_normal
2025-11-25,ridgecrest,0,0.0281,0.80,3,all_normal
2025-11-25,socal_saf_mojave,0,0.0212,0.80,3,all_normal
2025-11-25,socal_saf_coachella,0,0.0311,0.80,3,all_normal
2025-11-25,norcal_hayward,0,0.0099,0.80,2,all_normal
2025-11-25,cascadia,0,0.0395,0.80,3,all_normal
2025-11-25,tokyo_kanto,0,0.0347,0.80,3,all_normal
2025-11-25,istanbul_marmara,0,0.0841,0.80,3,all_normal
2025-11-25,turkey_kahramanmaras,0,0.1279,0.80,2,all_normal
2025-11-25,campi_flegrei,0,0.0820,0.80,2,all_normal
2025-11-25,kaikoura,1,0.2642,0.75,2,mostly_elevated
2025-11-25,anchorage,0,0.1986,0.80,2,all_normal
2025-11-25,kumamoto,0,0.0107,0.80,2,all_normal
2025-11-25,hualien,0,0.0661,0.50,1,single_method
2025-11-25,mexico_guerrero,0,0.0141,0.80,2,all_normal
2025-11-26,ridgecrest,0,0.0307,0.80,3,all_normal
2025-11-26,socal_saf_mojave,0,0.0251,0.80,3,all_normal
2025-11-26,socal_saf_coachella,0,0.0331,0.80,3,all_normal
2025-11-26,norcal_hayward,0,0.0037,0.80,2,all_normal
2025-11-26,cascadia,0,0.0282,0.80,3,all_normal
2025-11-26,tokyo_kanto,0,0.0695,0.80,3,all_normal
2025-11-26,istanbul_marmara,0,0.0896,0.80,3,all_normal
2025-11-26,turkey_kahramanmaras,0,0.1567,0.80,2,all_normal
2025-11-26,campi_flegrei,1,0.2713,0.80,2,all_normal
2025-11-26,kaikoura,0,0.0972,0.80,2,all_normal
2025-11-26,anchorage,0,0.1616,0.80,2,all_normal
2025-11-26,kumamoto,0,0.0131,0.80,2,all_normal
2025-11-26,hualien,0,0.1738,0.50,1,single_method
2025-11-26,mexico_guerrero,0,0.0117,0.80,2,all_normal
2025-11-27,ridgecrest,0,0.0313,0.80,3,all_normal
2025-11-27,socal_saf_mojave,0,0.0335,0.80,3,all_normal
2025-11-27,socal_saf_coachella,0,0.0376,0.80,3,all_normal
2025-11-27,norcal_hayward,0,0.0000,0.80,2,all_normal
2025-11-27,cascadia,0,0.0349,0.80,3,all_normal
2025-11-27,tokyo_kanto,0,0.0903,0.80,3,all_normal
2025-11-27,istanbul_marmara,0,0.0560,0.80,3,all_normal
2025-11-27,turkey_kahramanmaras,0,0.0873,0.80,2,all_normal
2025-11-27,campi_flegrei,0,0.0493,0.80,2,all_normal
2025-11-27,kaikoura,0,0.0187,0.80,2,all_normal
2025-11-27,anchorage,0,0.0067,0.80,2,all_normal
2025-11-27,kumamoto,0,0.0883,0.80,2,all_normal
2025-11-27,hualien,1,0.5258,0.50,1,single_method
2025-11-27,mexico_guerrero,0,0.0338,0.80,2,all_normal
2025-11-28,ridgecrest,0,0.2020,0.60,3,mixed
2025-11-28,socal_saf_mojave,0,0.1987,0.60,3,mixed
2025-11-28,socal_saf_coachella,0,0.1834,0.60,3,mixed
2025-11-28,norcal_hayward,0,0.0123,0.80,2,all_normal
2025-11-28,cascadia,0,0.1282,0.80,3,all_normal
2025-11-28,tokyo_kanto,1,0.3720,0.60,3,mixed
2025-11-28,istanbul_marmara,0,0.2150,0.60,3,mixed
2025-11-28,turkey_kahramanmaras,1,0.3711,0.75,2,mostly_elevated
2025-11-28,campi_flegrei,0,0.0422,0.80,2,all_normal
2025-11-28,kaikoura,0,0.0113,0.80,2,all_normal
2025-11-28,anchorage,0,0.0086,0.80,2,all_normal
2025-11-28,kumamoto,1,0.4286,0.75,2,mostly_elevated
2025-11-28,hualien,1,0.7322,0.50,1,single_method
2025-11-28,mexico_guerrero,0,0.0221,0.80,2,all_normal
2025-11-29,ridgecrest,0,0.0618,0.80,3,all_normal
2025-11-29,socal_saf_mojave,0,0.0528,0.80,3,all_normal
2025-11-29,socal_saf_coachella,0,0.0685,0.80,3,all_normal
2025-11-29,norcal_hayward,1,0.2556,0.75,2,mostly_elevated
2025-11-29,cascadia,0,0.2121,0.80,3,all_normal
2025-11-29,tokyo_kanto,1,0.3309,0.60,3,mixed
2025-11-29,istanbul_marmara,0,0.0252,0.80,3,all_normal
2025-11-29,turkey_kahramanmaras,0,0.0569,0.80,2,all_normal
2025-11-29,campi_flegrei,0,0.0637,0.80,2,all_normal
2025-11-29,kaikoura,0,0.0179,0.80,2,all_normal
2025-11-29,anchorage,1,0.3323,0.75,2,mostly_elevated
2025-11-29,kumamoto,1,0.4286,0.75,2,mostly_elevated
2025-11-29,hualien,0,0.2188,0.50,1,single_method
2025-11-29,mexico_guerrero,0,0.0156,0.80,2,all_normal
2025-11-30,ridgecrest,0,0.2298,0.60,3,mixed
2025-11-30,socal_saf_mojave,0,0.2193,0.60,3,mixed
2025-11-30,socal_saf_coachella,0,0.2305,0.60,3,mixed
2025-11-30,norcal_hayward,1,0.3111,0.75,2,mostly_elevated
2025-11-30,cascadia,1,0.2994,0.60,3,mixed
2025-11-30,tokyo_kanto,0,0.1977,0.60,3,mixed
2025-11-30,istanbul_marmara,0,0.0226,0.80,3,all_normal
2025-11-30,turkey_kahramanmaras,0,0.0354,0.80,2,all_normal
2025-11-30,campi_flegrei,0,0.0550,0.80,2,all_normal
2025-11-30,kaikoura,0,0.0571,0.80,2,all_normal
2025-11-30,anchorage,1,0.4286,0.75,2,mostly_elevated
2025-11-30,kumamoto,0,0.2280,0.75,2,mostly_elevated
2025-11-30,hualien,0,0.1091,0.50,1,single_method
2025-11-30,mexico_guerrero,0,0.0090,0.80,2,all_normal
2025-12-01,ridgecrest,0,0.1974,0.60,3,mixed
2025-12-01,socal_saf_mojave,0,0.1827,0.60,3,mixed
2025-12-01,socal_saf_coachella,0,0.1933,0.60,3,mixed
2025-12-01,norcal_hayward,0,0.1609,0.80,2,all_normal
2025-12-01,cascadia,0,0.2235,0.60,3,mixed
2025-12-01,tokyo_kanto,0,0.0807,0.80,3,all_normal
2025-12-01,istanbul_marmara,0,0.0210,0.80,3,all_normal
2025-12-01,turkey_kahramanmaras,0,0.0444,0.80,2,all_normal
2025-12-01,campi_flegrei,0,0.0596,0.80,2,all_normal
2025-12-01,kaikoura,0,0.1477,0.80,2,all_normal
2025-12-01,anchorage,1,0.3204,0.75,2,mostly_elevated
2025-12-01,kumamoto,0,0.0760,0.80,2,all_normal
2025-12-01,hualien,0,0.0791,0.50,1,single_method
2025-12-01,mexico_guerrero,0,0.0000,0.80,2,all_normal
2025-12-02,ridgecrest,0,0.0987,0.80,3,all_normal
2025-12-02,socal_saf_mojave,0,0.0904,0.80,3,all_normal
2025-12-02,socal_saf_coachella,0,0.0995,0.80,3,all_normal
2025-12-02,norcal_hayward,0,0.0643,0.80,2,all_normal
2025-12-02,cascadia,0,0.0903,0.80,3,all_normal
2025-12-02,tokyo_kanto,0,0.0566,0.80,3,all_normal
2025-12-02,istanbul_marmara,0,0.0264,0.80,3,all_normal
2025-12-02,turkey_kahramanmaras,0,0.0398,0.80,2,all_normal
2025-12-02,campi_flegrei,0,0.0567,0.80,2,all_normal
2025-12-02,kaikoura,0,0.2391,0.75,2,mostly_elevated
2025-12-02,anchorage,0,0.0916,0.80,2,all_normal
2025-12-02,kumamoto,0,0.0394,0.80,2,all_normal
2025-12-02,hualien,0,0.0809,0.50,1,single_method
2025-12-02,mexico_guerrero,0,0.0013,0.80,2,all_normal
2025-12-03,ridgecrest,0,0.0580,0.80,3,all_normal
2025-12-03,socal_saf_mojave,0,0.0488,0.80,3,all_normal
2025-12-03,socal_saf_coachella,0,0.0542,0.80,3,all_normal
2025-12-03,norcal_hayward,0,0.0359,0.80,2,all_normal
2025-12-03,cascadia,0,0.0583,0.80,3,all_normal
2025-12-03,tokyo_kanto,0,0.0572,0.80,3,all_normal
2025-12-03,istanbul_marmara,0,0.0358,0.80,3,all_normal
2025-12-03,turkey_kahramanmaras,0,0.0623,0.80,2,all_normal
2025-12-03,campi_flegrei,0,0.0599,0.80,2,all_normal
2025-12-03,kaikoura,1,0.2743,0.75,2,mostly_elevated
2025-12-03,anchorage,0,0.0405,0.80,2,all_normal
2025-12-03,kumamoto,0,0.0336,0.80,2,all_normal
2025-12-03,hualien,0,0.0772,0.50,1,single_method
2025-12-03,mexico_guerrero,0,0.0045,0.80,2,all_normal
2025-12-04,ridgecrest,0,0.0426,0.80,3,all_normal
2025-12-04,socal_saf_mojave,0,0.0278,0.80,3,all_normal
2025-12-04,socal_saf_coachella,0,0.0431,0.80,3,all_normal
2025-12-04,norcal_hayward,0,0.0212,0.80,2,all_normal
2025-12-04,cascadia,0,0.0442,0.80,3,all_normal
2025-12-04,tokyo_kanto,0,0.0809,0.80,3,all_normal
2025-12-04,istanbul_marmara,0,0.0527,0.80,3,all_normal
2025-12-04,turkey_kahramanmaras,0,0.0910,0.80,2,all_normal
2025-12-04,campi_flegrei,0,0.0577,0.80,2,all_normal
2025-12-04,kaikoura,1,0.2984,0.75,2,mostly_elevated
2025-12-04,anchorage,0,0.0205,0.80,2,all_normal
2025-12-04,kumamoto,0,0.0319,0.80,2,all_normal
2025-12-04,hualien,0,0.0774,0.50,1,single_method
2025-12-04,mexico_guerrero,0,0.0058,0.80,2,all_normal
2025-12-05,ridgecrest,0,0.0493,0.80,3,all_normal
2025-12-05,socal_saf_mojave,0,0.0403,0.80,3,all_normal
2025-12-05,socal_saf_coachella,0,0.0485,0.80,3,all_normal
2025-12-05,norcal_hayward,0,0.0180,0.80,2,all_normal
2025-12-05,cascadia,0,0.0406,0.80,3,all_normal
2025-12-05,tokyo_kanto,0,0.0527,0.80,3,all_normal
2025-12-05,istanbul_marmara,0,0.0770,0.80,3,all_normal
2025-12-05,turkey_kahramanmaras,0,0.2196,0.80,2,all_normal
2025-12-05,campi_flegrei,0,0.0684,0.80,2,all_normal
2025-12-05,kaikoura,1,0.3022,0.75,2,mostly_elevated
2025-12-05,anchorage,0,0.0248,0.80,2,all_normal
2025-12-05,kumamoto,0,0.0239,0.80,2,all_normal
2025-12-05,hualien,0,0.0520,0.50,1,single_method
2025-12-05,mexico_guerrero,0,0.1147,0.80,2,all_normal
2025-12-06,ridgecrest,0,0.0414,0.80,3,all_normal
2025-12-06,socal_saf_mojave,0,0.1731,0.60,3,mixed
2025-12-06,socal_saf_coachella,0,0.1201,0.80,3,all_normal
2025-12-06,norcal_hayward,0,0.0157,0.80,2,all_normal
2025-12-06,cascadia,0,0.0575,0.80,3,all_normal
2025-12-06,tokyo_kanto,0,0.0434,0.80,3,all_normal
2025-12-06,istanbul_marmara,0,0.0738,0.80,3,all_normal
2025-12-06,turkey_kahramanmaras,0,0.1149,0.80,2,all_normal
2025-12-06,campi_flegrei,0,0.0530,0.80,2,all_normal
2025-12-06,kaikoura,1,0.3335,0.75,2,mostly_elevated
2025-12-06,anchorage,0,0.0239,0.80,2,all_normal
2025-12-06,kumamoto,0,0.0183,0.80,2,all_normal
2025-12-06,hualien,0,0.0461,0.50,1,single_method
2025-12-06,mexico_guerrero,0,0.0270,0.80,2,all_normal
2025-12-07,ridgecrest,0,0.0424,0.80,3,all_normal
2025-12-07,socal_saf_mojave,1,0.2559,0.60,3,mixed
2025-12-07,socal_saf_coachella,1,0.2609,0.60,3,mixed
2025-12-07,norcal_hayward,0,0.0166,0.80,2,all_normal
2025-12-07,cascadia,0,0.2118,0.60,3,mixed
2025-12-07,tokyo_kanto,0,0.1789,0.60,3,mixed
2025-12-07,istanbul_marmara,1,0.3253,0.60,3,mixed
2025-12-07,turkey_kahramanmaras,1,0.4419,0.75,2,mostly_elevated
2025-12-07,campi_flegrei,1,0.4020,0.75,2,mostly_elevated
2025-12-07,kaikoura,1,0.3538,0.75,2,mostly_elevated
2025-12-07,anchorage,0,0.0245,0.80,2,all_normal
2025-12-07,kumamoto,0,0.0142,0.80,2,all_normal
2025-12-07,hualien,0,0.0447,0.50,1,single_method
2025-12-07,mexico_guerrero,0,0.0276,0.80,2,all_normal
2025-12-08,ridgecrest,0,0.0574,0.80,3,all_normal
2025-12-08,socal_saf_mojave,0,0.0543,0.80,3,all_normal
2025-12-08,socal_saf_coachella,0,0.0727,0.80,3,all_normal
2025-12-08,norcal_hayward,0,0.0174,0.80,2,all_normal
2025-12-08,cascadia,0,0.0548,0.80,3,all_normal
2025-12-08,tokyo_kanto,0,0.0406,0.80,3,all_normal
2025-12-08,istanbul_marmara,0,0.0632,0.80,3,all_normal
2025-12-08,turkey_kahramanmaras,0,0.1267,0.80,2,all_normal
2025-12-08,campi_flegrei,0,0.0423,0.80,2,all_normal
2025-12-08,kaikoura,1,0.3240,0.75,2,mostly_elevated
2025-12-08,anchorage,0,0.0237,0.80,2,all_normal
2025-12-08,kumamoto,0,0.0132,0.80,2,all_normal
2025-12-08,hualien,0,0.0476,0.50,1,single_method
2025-12-08,mexico_guerrero,0,0.0368,0.80,2,all_normal
2025-12-09,ridgecrest,1,0.2820,0.60,3,mixed
2025-12-09,socal_saf_mojave,1,0.2740,0.60,3,mixed
2025-12-09,socal_saf_coachella,1,0.2897,0.60,3,mixed
2025-12-09,norcal_hayward,0,0.0153,0.80,2,all_normal
2025-12-09,cascadia,0,0.2385,0.60,3,mixed
2025-12-09,tokyo_kanto,0,0.1879,0.60,3,mixed
2025-12-09,istanbul_marmara,1,0.3311,0.60,3,mixed
2025-12-09,turkey_kahramanmaras,1,0.4445,0.75,2,mostly_elevated
2025-12-09,campi_flegrei,1,0.4186,0.75,2,mostly_elevated
2025-12-09,kaikoura,0,0.1638,0.80,2,all_normal
2025-12-09,anchorage,0,0.0203,0.80,2,all_normal
2025-12-09,kumamoto,0,0.0183,0.80,2,all_normal
2025-12-09,hualien,0,0.1255,0.50,1,single_method
2025-12-09,mexico_guerrero,0,0.1144,0.80,2,all_normal
2025-12-10,ridgecrest,0,0.0375,0.80,3,all_normal
2025-12-10,socal_saf_mojave,0,0.0340,0.80,3,all_normal
2025-12-10,socal_saf_coachella,0,0.0357,0.80,3,all_normal
2025-12-10,norcal_hayward,0,0.0143,0.80,2,all_normal
2025-12-10,cascadia,0,0.0438,0.80,3,all_normal
2025-12-10,tokyo_kanto,0,0.1121,0.80,3,all_normal
2025-12-10,istanbul_marmara,0,0.0557,0.80,3,all_normal
2025-12-10,turkey_kahramanmaras,0,0.1117,0.80,2,all_normal
2025-12-10,campi_flegrei,0,0.0520,0.80,2,all_normal
2025-12-10,kaikoura,0,0.0571,0.80,2,all_normal
2025-12-10,anchorage,0,0.0212,0.80,2,all_normal
2025-12-10,kumamoto,0,0.0900,0.80,2,all_normal
2025-12-10,hualien,1,0.2899,0.50,1,single_method
2025-12-10,mexico_guerrero,0,0.0684,0.80,2,all_normal
2025-12-11,ridgecrest,0,0.0360,0.80,3,all_normal
2025-12-11,socal_saf_mojave,0,0.0428,0.80,3,all_normal
2025-12-11,socal_saf_coachella,0,0.0628,0.80,3,all_normal
2025-12-11,norcal_hayward,0,0.0224,0.80,2,all_normal
2025-12-11,cascadia,0,0.0469,0.80,3,all_normal
2025-12-11,tokyo_kanto,1,0.2942,0.60,3,mixed
2025-12-11,istanbul_marmara,0,0.0398,0.80,3,all_normal
2025-12-11,turkey_kahramanmaras,0,0.0673,0.80,2,all_normal
2025-12-11,campi_flegrei,0,0.1161,0.80,2,all_normal
2025-12-11,kaikoura,0,0.0179,0.80,2,all_normal
2025-12-11,anchorage,0,0.0753,0.80,2,all_normal
2025-12-11,kumamoto,1,0.3802,0.75,2,mostly_elevated
2025-12-11,hualien,1,0.6116,0.50,1,single_method
2025-12-11,mexico_guerrero,0,0.0395,0.80,2,all_normal
2025-12-12,ridgecrest,0,0.0662,0.80,3,all_normal
2025-12-12,socal_saf_mojave,0,0.0520,0.80,3,all_normal
2025-12-12,socal_saf_coachella,0,0.0641,0.80,3,all_normal
2025-12-12,norcal_hayward,1,0.2536,0.75,2,mostly_elevated
2025-12-12,cascadia,0,0.1673,0.80,3,all_normal
2025-12-12,tokyo_kanto,1,0.3626,0.60,3,mixed
2025-12-12,istanbul_marmara,0,0.0948,0.80,3,all_normal
2025-12-12,turkey_kahramanmaras,0,0.0692,0.80,2,all_normal
2025-12-12,campi_flegrei,0,0.0827,0.80,2,all_normal
2025-12-12,kaikoura,0,0.0160,0.80,2,all_normal
2025-12-12,anchorage,1,0.3264,0.75,2,mostly_elevated
2025-12-12,kumamoto,1,0.4286,0.75,2,mostly_elevated
2025-12-12,hualien,0,0.2175,0.50,1,single_method
2025-12-12,mexico_guerrero,0,0.0147,0.80,2,all_normal
2025-12-13,ridgecrest,1,0.4909,0.75,3,mostly_elevated
2025-12-13,socal_saf_mojave,1,0.4848,0.75,3,mostly_elevated
2025-12-13,socal_saf_coachella,2,0.5201,0.75,3,mostly_elevated
2025-12-13,norcal_hayward,1,0.3913,0.75,2,mostly_elevated
2025-12-13,cascadia,2,0.5165,0.75,3,mostly_elevated
2025-12-13,tokyo_kanto,1,0.2889,0.60,3,mixed
2025-12-13,istanbul_marmara,1,0.2800,0.60,3,mixed
2025-12-13,turkey_kahramanmaras,0,0.0944,0.80,2,all_normal
2025-12-13,campi_flegrei,1,0.4579,0.75,2,mostly_elevated
2025-12-13,kaikoura,0,0.0334,0.80,2,all_normal
2025-12-13,anchorage,1,0.3564,0.75,2,mostly_elevated
2025-12-13,kumamoto,0,0.1806,0.80,2,all_normal
2025-12-13,hualien,0,0.0429,0.50,1,single_method
2025-12-13,mexico_guerrero,0,0.0071,0.80,2,all_normal
2025-12-14,ridgecrest,1,0.2976,0.60,3,mixed
2025-12-14,socal_saf_mojave,1,0.2811,0.60,3,mixed
2025-12-14,socal_saf_coachella,1,0.2952,0.60,3,mixed
2025-12-14,norcal_hayward,1,0.3295,0.75,2,mostly_elevated
2025-12-14,cascadia,1,0.2667,0.60,3,mixed
2025-12-14,tokyo_kanto,0,0.0386,0.80,3,all_normal
2025-12-14,istanbul_marmara,0,0.0190,0.80,3,all_normal
2025-12-14,turkey_kahramanmaras,0,0.0306,0.80,2,all_normal
2025-12-14,campi_flegrei,1,0.3318,0.80,2,all_normal
2025-12-14,kaikoura,0,0.1033,0.80,2,all_normal
2025-12-14,anchorage,0,0.0808,0.80,2,all_normal
2025-12-14,kumamoto,0,0.0153,0.80,2,all_normal
2025-12-14,hualien,0,0.0299,0.50,1,single_method
2025-12-14,mexico_guerrero,1,0.4286,0.75,2,mostly_elevated
2025-12-15,ridgecrest,0,0.2163,0.60,3,mixed
2025-12-15,socal_saf_mojave,0,0.2004,0.60,3,mixed
2025-12-15,socal_saf_coachella,0,0.2148,0.60,3,mixed
2025-12-15,norcal_hayward,0,0.0649,0.80,2,all_normal
2025-12-15,cascadia,0,0.0867,0.80,3,all_normal
2025-12-15,tokyo_kanto,0,0.0652,0.80,3,all_normal
2025-12-15,istanbul_marmara,0,0.0243,0.80,3,all_normal
2025-12-15,turkey_kahramanmaras,0,0.0347,0.80,2,all_normal
2025-12-15,campi_flegrei,0,0.1067,0.80,2,all_normal
2025-12-15,kaikoura,0,0.2380,0.75,2,mostly_elevated
2025-12-15,anchorage,0,0.0193,0.80,2,all_normal
2025-12-15,kumamoto,0,0.0089,0.80,2,all_normal
2025-12-15,hualien,0,0.0338,0.50,1,single_method
2025-12-15,mexico_guerrero,1,0.3721,0.75,2,mostly_elevated
2025-12-16,ridgecrest,0,0.0947,0.80,3,all_normal
2025-12-16,socal_saf_mojave,0,0.0874,0.80,3,all_normal
2025-12-16,socal_saf_coachella,0,0.0963,0.80,3,all_normal
2025-12-16,norcal_hayward,0,0.0340,0.80,2,all_normal
2025-12-16,cascadia,0,0.0638,0.80,3,all_normal
2025-12-16,tokyo_kanto,0,0.0712,0.80,3,all_normal
2025-12-16,istanbul_marmara,0,0.0697,0.80,3,all_normal
2025-12-16,turkey_kahramanmaras,0,0.1592,0.80,2,all_normal
2025-12-16,campi_flegrei,1,0.2883,0.75,2,mostly_elevated
2025-12-16,kaikoura,1,0.3177,0.75,2,mostly_elevated
2025-12-16,anchorage,0,0.0135,0.80,2,all_normal
2025-12-16,kumamoto,0,0.0092,0.80,2,all_normal
2025-12-16,hualien,0,0.0380,0.50,1,single_method
2025-12-16,mexico_guerrero,1,0.3619,0.75,2,mostly_elevated
2025-12-17,kaikoura,0,0.0000,0.50,1,single_method
2025-12-17,anchorage,0,0.0262,0.80,2,all_normal
2025-12-17,kumamoto,0,0.0257,0.80,2,all_normal
2025-12-17,hualien,0,0.0423,0.50,1,single_method
2025-12-17,ridgecrest,0,0.0964,0.80,3,all_normal
2025-12-17,socal_saf_mojave,0,0.0962,0.80,3,all_normal
2025-12-17,socal_saf_coachella,0,0.1123,0.80,3,all_normal
2025-12-17,norcal_hayward,0,0.0495,0.80,2,all_normal
2025-12-17,cascadia,0,0.0599,0.80,3,all_normal
2025-12-17,tokyo_kanto,0,0.0601,0.80,3,all_normal
2025-12-17,turkey_kahramanmaras,0,0.1063,0.80,2,all_normal
2025-12-17,campi_flegrei,1,0.2968,0.75,2,mostly_elevated
2025-12-17,istanbul_marmara,0,0.0551,0.80,3,all_normal
2025-12-18,kaikoura,0,0.0000,0.50,1,single_method
2025-12-18,anchorage,0,0.0307,0.80,2,all_normal
2025-12-18,kumamoto,0,0.0320,0.80,2,all_normal
2025-12-18,hualien,0,0.0452,0.50,1,single_method
2025-12-18,ridgecrest,0,0.0633,0.80,3,all_normal
2025-12-18,socal_saf_mojave,0,0.0589,0.80,3,all_normal
2025-12-18,socal_saf_coachella,0,0.0394,0.80,2,all_normal
2025-12-18,norcal_hayward,0,0.0384,0.80,2,all_normal
2025-12-18,cascadia,0,0.0545,0.80,3,all_normal
2025-12-18,tokyo_kanto,0,0.0604,0.80,3,all_normal
2025-12-18,turkey_kahramanmaras,0,0.1343,0.80,2,all_normal
2025-12-18,campi_flegrei,0,0.1925,0.80,2,all_normal
2025-12-18,istanbul_marmara,0,0.0781,0.80,3,all_normal
2025-12-19,kaikoura,0,0.0000,0.50,1,single_method
2025-12-19,anchorage,0,0.0339,0.80,2,all_normal
2025-12-19,kumamoto,0,0.0359,0.80,2,all_normal
2025-12-19,hualien,0,0.0481,0.50,1,single_method
2025-12-19,ridgecrest,0,0.0615,0.80,3,all_normal
2025-12-19,socal_saf_mojave,0,0.0584,0.80,3,all_normal
2025-12-19,socal_saf_coachella,0,0.0593,0.80,3,all_normal
2025-12-19,norcal_hayward,0,0.0205,0.80,2,all_normal
2025-12-19,cascadia,0,0.0501,0.80,3,all_normal
2025-12-19,tokyo_kanto,0,0.0740,0.80,3,all_normal
2025-12-19,turkey_kahramanmaras,0,0.1844,0.80,2,all_normal
2025-12-19,campi_flegrei,0,0.1207,0.80,2,all_normal
2025-12-19,istanbul_marmara,0,0.1056,0.80,3,all_normal
2025-12-20,kaikoura,0,0.0000,0.50,1,single_method
2025-12-20,anchorage,0,0.0380,0.80,2,all_normal
2025-12-20,kumamoto,0,0.0370,0.80,2,all_normal
2025-12-20,hualien,0,0.0462,0.50,1,single_method
2025-12-20,ridgecrest,0,0.0797,0.80,3,all_normal
2025-12-20,socal_saf_mojave,0,0.0653,0.80,3,all_normal
2025-12-20,socal_saf_coachella,0,0.0625,0.80,3,all_normal
2025-12-20,norcal_hayward,0,0.0365,0.80,2,all_normal
2025-12-20,cascadia,0,0.0614,0.80,3,all_normal
2025-12-20,tokyo_kanto,0,0.0531,0.80,3,all_normal
2025-12-20,istanbul_marmara,0,0.1122,0.80,3,all_normal
2025-12-20,turkey_kahramanmaras,0,0.1928,0.80,2,all_normal
2025-12-20,campi_flegrei,0,0.0809,0.80,2,all_normal
2025-12-21,kaikoura,0,0.0000,0.50,1,single_method
2025-12-21,anchorage,0,0.0419,0.80,2,all_normal
2025-12-21,kumamoto,0,0.0374,0.80,2,all_normal
2025-12-21,hualien,0,0.0464,0.50,1,single_method
2025-12-21,ridgecrest,0,0.0622,0.80,3,all_normal
2025-12-21,socal_saf_mojave,0,0.0622,0.80,3,all_normal
2025-12-21,socal_saf_coachella,0,0.0717,0.80,3,all_normal
2025-12-21,norcal_hayward,0,0.0379,0.80,2,all_normal
2025-12-21,cascadia,0,0.0771,0.80,3,all_normal
2025-12-21,tokyo_kanto,0,0.0799,0.80,3,all_normal
2025-12-21,turkey_kahramanmaras,0,0.1660,0.80,2,all_normal
2025-12-21,campi_flegrei,0,0.0677,0.80,2,all_normal
2025-12-21,istanbul_marmara,0,0.0985,0.80,3,all_normal
2025-12-22,kaikoura,0,0.0000,0.50,1,single_method
2025-12-22,anchorage,0,0.0421,0.80,2,all_normal
2025-12-22,kumamoto,0,0.0366,0.80,2,all_normal
2025-12-22,hualien,0,0.0500,0.50,1,single_method
2025-12-22,ridgecrest,0,0.0599,0.80,3,all_normal
2025-12-22,socal_saf_mojave,0,0.0614,0.80,3,all_normal
2025-12-22,socal_saf_coachella,0,0.0677,0.80,3,all_normal
2025-12-22,norcal_hayward,0,0.0394,0.80,2,all_normal
2025-12-22,cascadia,0,0.0675,0.80,3,all_normal
2025-12-22,tokyo_kanto,0,0.0963,0.80,3,all_normal
2025-12-22,turkey_kahramanmaras,0,0.1561,0.80,2,all_normal
2025-12-22,campi_flegrei,0,0.0715,0.80,2,all_normal
2025-12-22,istanbul_marmara,0,0.0933,0.80,3,all_normal
2025-12-23,kaikoura,0,0.0000,0.50,1,single_method
2025-12-23,anchorage,0,0.0460,0.80,2,all_normal
2025-12-23,kumamoto,0,0.0392,0.80,2,all_normal
2025-12-23,hualien,0,0.0659,0.50,1,single_method
2025-12-23,ridgecrest,0,0.1559,0.80,3,all_normal
2025-12-23,socal_saf_mojave,0,0.1742,0.60,3,mixed
2025-12-23,socal_saf_coachella,0,0.1093,0.80,3,all_normal
2025-12-23,norcal_hayward,0,0.0346,0.80,2,all_normal
2025-12-23,cascadia,0,0.0809,0.80,3,all_normal
2025-12-23,tokyo_kanto,0,0.0749,0.80,3,all_normal
2025-12-23,turkey_kahramanmaras,0,0.1653,0.80,2,all_normal
2025-12-23,istanbul_marmara,0,0.0846,0.80,3,all_normal
2025-12-23,campi_flegrei,0,0.0624,0.80,2,all_normal
2025-12-24,kaikoura,0,0.0000,0.50,1,single_method
2025-12-24,anchorage,0,0.0535,0.80,2,all_normal
2025-12-24,kumamoto,0,0.0512,0.80,2,all_normal
2025-12-24,hualien,0,0.0993,0.50,1,single_method
2025-12-24,ridgecrest,0,0.0489,0.80,3,all_normal
2025-12-24,socal_saf_mojave,0,0.1493,0.80,3,all_normal
2025-12-24,socal_saf_coachella,0,0.0452,0.80,3,all_normal
2025-12-24,norcal_hayward,0,0.0356,0.80,2,all_normal
2025-12-24,cascadia,0,0.0531,0.80,3,all_normal
2025-12-24,tokyo_kanto,0,0.0662,0.80,3,all_normal
2025-12-24,turkey_kahramanmaras,0,0.1313,0.80,2,all_normal
2025-12-24,campi_flegrei,0,0.1064,0.80,2,all_normal
2025-12-24,istanbul_marmara,0,0.0830,0.80,3,all_normal
2025-12-24,mexico_guerrero,1,0.2632,0.75,2,mostly_elevated
2025-12-25,kaikoura,0,0.0000,0.50,1,single_method
2025-12-25,anchorage,0,0.0580,0.80,2,all_normal
2025-12-25,kumamoto,0,0.1125,0.80,2,all_normal
2025-12-25,hualien,0,0.1916,0.50,1,single_method
2025-12-25,ridgecrest,0,0.0703,0.80,3,all_normal
2025-12-25,socal_saf_mojave,0,0.0669,0.80,3,all_normal
2025-12-25,socal_saf_coachella,0,0.0644,0.80,3,all_normal
2025-12-25,norcal_hayward,0,0.0329,0.80,2,all_normal
2025-12-25,cascadia,0,0.0563,0.80,3,all_normal
2025-12-25,tokyo_kanto,0,0.1397,0.80,3,all_normal
2025-12-25,istanbul_marmara,0,0.0760,0.80,3,all_normal
2025-12-25,campi_flegrei,0,0.0880,0.80,2,all_normal
2025-12-25,turkey_kahramanmaras,0,0.1908,0.80,2,all_normal
2025-12-25,mexico_guerrero,1,0.2593,0.75,2,mostly_elevated
2025-12-26,kaikoura,0,0.0000,0.50,1,single_method
2025-12-26,anchorage,0,0.0798,0.80,2,all_normal
2025-12-26,kumamoto,1,0.3453,0.75,2,mostly_elevated
2025-12-26,hualien,1,0.4193,0.50,1,single_method
2025-12-26,ridgecrest,0,0.0769,0.80,3,all_normal
2025-12-26,socal_saf_mojave,0,0.0246,0.80,3,all_normal
2025-12-26,socal_saf_coachella,0,0.1530,0.80,3,all_normal
2025-12-26,norcal_hayward,0,0.0219,0.80,2,all_normal
2025-12-26,cascadia,0,0.0648,0.80,3,all_normal
2025-12-26,tokyo_kanto,1,0.3081,0.60,3,mixed
2025-12-26,istanbul_marmara,0,0.0785,0.80,3,all_normal
2025-12-26,campi_flegrei,0,0.1924,0.80,2,all_normal
2025-12-26,turkey_kahramanmaras,0,0.1083,0.80,2,all_normal
2025-12-26,mexico_guerrero,0,0.0673,0.80,2,all_normal
2025-12-27,kaikoura,0,0.0000,0.50,1,single_method
2025-12-27,anchorage,0,0.2430,0.75,2,mostly_elevated
2025-12-27,kumamoto,1,0.4286,0.75,2,mostly_elevated
2025-12-27,hualien,1,0.5390,0.50,1,single_method
2025-12-27,ridgecrest,0,0.0463,0.80,3,all_normal
2025-12-27,socal_saf_mojave,0,0.1477,0.80,3,all_normal
2025-12-27,socal_saf_coachella,0,0.1068,0.80,3,all_normal
2025-12-27,norcal_hayward,0,0.0463,0.80,2,all_normal
2025-12-27,cascadia,0,0.1336,0.80,3,all_normal
2025-12-27,tokyo_kanto,1,0.3408,0.60,3,mixed
2025-12-27,istanbul_marmara,0,0.0475,0.80,3,all_normal
2025-12-27,turkey_kahramanmaras,0,0.0768,0.80,2,all_normal
2025-12-27,campi_flegrei,0,0.0594,0.80,2,all_normal
2025-12-27,mexico_guerrero,0,0.0309,0.80,2,all_normal
2025-12-28,kaikoura,0,0.0000,0.50,1,single_method
2025-12-28,anchorage,1,0.4286,0.75,2,mostly_elevated
2025-12-28,kumamoto,1,0.4286,0.75,2,mostly_elevated
2025-12-28,hualien,1,1.0000,0.50,1,single_method
2025-12-28,ridgecrest,0,0.1181,0.80,3,all_normal
2025-12-28,socal_saf_mojave,0,0.1517,0.80,3,all_normal
2025-12-28,socal_saf_coachella,0,0.1690,0.80,3,all_normal
2025-12-28,norcal_hayward,1,0.2704,0.75,2,mostly_elevated
2025-12-28,cascadia,1,0.2929,0.60,3,mixed
2025-12-28,tokyo_kanto,1,0.4330,0.60,3,mixed
2025-12-28,istanbul_marmara,0,0.0647,0.80,3,all_normal
2025-12-28,turkey_kahramanmaras,0,0.1385,0.80,2,all_normal
2025-12-28,campi_flegrei,0,0.2331,0.75,2,mostly_elevated
2025-12-28,mexico_guerrero,0,0.1305,0.80,2,all_normal
2025-12-29,kaikoura,0,0.0000,0.50,1,single_method
2025-12-29,anchorage,0,0.1331,0.80,2,all_normal
2025-12-29,kumamoto,0,0.1812,0.80,2,all_normal
2025-12-29,hualien,0,0.0498,0.50,1,single_method
2025-12-29,ridgecrest,1,0.3064,0.60,3,mixed
2025-12-29,socal_saf_mojave,1,0.3073,0.60,3,mixed
2025-12-29,socal_saf_coachella,1,0.3112,0.60,3,mixed
2025-12-29,norcal_hayward,1,0.3966,0.75,2,mostly_elevated
2025-12-29,cascadia,1,0.3258,0.60,3,mixed
2025-12-29,tokyo_kanto,0,0.1627,0.80,3,all_normal
2025-12-29,istanbul_marmara,0,0.0424,0.80,3,all_normal
2025-12-29,turkey_kahramanmaras,0,0.0695,0.80,2,all_normal
2025-12-29,campi_flegrei,0,0.0629,0.80,2,all_normal
2025-12-29,mexico_guerrero,0,0.1167,0.80,2,all_normal
2025-12-30,kaikoura,0,0.0000,0.50,1,single_method
2025-12-30,anchorage,0,0.0267,0.80,2,all_normal
2025-12-30,kumamoto,0,0.0316,0.80,2,all_normal
2025-12-30,hualien,0,0.0377,0.50,1,single_method
2025-12-30,ridgecrest,1,0.3716,0.60,3,mixed
2025-12-30,socal_saf_mojave,1,0.2892,0.60,3,mixed
2025-12-30,socal_saf_coachella,1,0.3022,0.60,3,mixed
2025-12-30,norcal_hayward,0,0.1903,0.80,2,all_normal
2025-12-30,cascadia,0,0.1253,0.80,3,all_normal
2025-12-30,tokyo_kanto,0,0.0529,0.80,3,all_normal
2025-12-30,istanbul_marmara,0,0.0355,0.80,3,all_normal
2025-12-30,turkey_kahramanmaras,0,0.0471,0.80,2,all_normal
2025-12-30,campi_flegrei,0,0.0604,0.80,2,all_normal
2025-12-30,mexico_guerrero,0,0.0308,0.80,2,all_normal
2025-12-31,kaikoura,0,0.0000,0.50,1,single_method
2025-12-31,anchorage,0,0.0189,0.80,2,all_normal
2025-12-31,kumamoto,0,0.0217,0.80,2,all_normal
2025-12-31,hualien,0,0.0383,0.50,1,single_method
2025-12-31,ridgecrest,0,0.1110,0.80,3,all_normal
2025-12-31,socal_saf_mojave,0,0.0866,0.80,3,all_normal
2025-12-31,socal_saf_coachella,0,0.1001,0.80,3,all_normal
2025-12-31,norcal_hayward,0,0.0389,0.80,2,all_normal
2025-12-31,cascadia,0,0.0564,0.80,3,all_normal
2025-12-31,tokyo_kanto,0,0.0424,0.80,3,all_normal
2025-12-31,istanbul_marmara,0,0.0540,0.80,3,all_normal
2025-12-31,campi_flegrei,0,0.0568,0.80,2,all_normal
2025-12-31,turkey_kahramanmaras,0,0.0847,0.80,2,all_normal
2025-12-31,mexico_guerrero,0,0.0346,0.80,2,all_normal
2026-01-01,kaikoura,0,0.0000,0.50,1,single_method
2026-01-01,anchorage,0,0.0212,0.80,2,all_normal
2026-01-01,kumamoto,0,0.0250,0.80,2,all_normal
2026-01-01,hualien,0,0.0445,0.50,1,single_method
2026-01-01,ridgecrest,0,0.2119,0.60,3,mixed
2026-01-01,socal_saf_mojave,0,0.1234,0.80,3,all_normal
2026-01-01,socal_saf_coachella,0,0.1161,0.80,3,all_normal
2026-01-01,norcal_hayward,0,0.0273,0.80,2,all_normal
2026-01-01,cascadia,0,0.0591,0.80,3,all_normal
2026-01-01,tokyo_kanto,0,0.1412,0.80,3,all_normal
2026-01-01,istanbul_marmara,0,0.0746,0.80,3,all_normal
2026-01-01,turkey_kahramanmaras,0,0.0806,0.80,2,all_normal
2026-01-01,campi_flegrei,0,0.0808,0.80,2,all_normal
2026-01-01,mexico_guerrero,0,0.0178,0.80,2,all_normal
2026-01-02,ridgecrest,1,0.2868,0.60,3,mixed
2026-01-02,socal_saf_mojave,0,0.1722,0.60,3,mixed
2026-01-02,socal_saf_coachella,0,0.1542,0.80,3,all_normal
2026-01-02,norcal_hayward,0,0.1031,0.80,2,all_normal
2026-01-02,cascadia,0,0.1075,0.80,3,all_normal
2026-01-02,tokyo_kanto,0,0.0530,0.80,3,all_normal
2026-01-02,istanbul_marmara,0,0.0794,0.80,3,all_normal
2026-01-02,turkey_kahramanmaras,0,0.1809,0.80,2,all_normal
2026-01-02,campi_flegrei,0,0.0615,0.80,2,all_normal
2026-01-02,kaikoura,0,0.0000,0.50,1,single_method
2026-01-02,anchorage,0,0.0273,0.80,2,all_normal
2026-01-02,kumamoto,0,0.0322,0.80,2,all_normal
2026-01-02,hualien,0,0.0484,0.50,1,single_method
2026-01-02,mexico_guerrero,0,0.0181,0.80,2,all_normal
2026-01-03,kaikoura,0,0.0000,0.50,1,single_method
2026-01-03,anchorage,0,0.0360,0.80,2,all_normal
2026-01-03,kumamoto,0,0.0379,0.80,2,all_normal
2026-01-03,hualien,0,0.0495,0.50,1,single_method
2026-01-03,ridgecrest,1,0.2683,0.60,3,mixed
2026-01-03,socal_saf_mojave,1,0.2771,0.60,3,mixed
2026-01-03,socal_saf_coachella,1,0.2711,0.60,3,mixed
2026-01-03,norcal_hayward,0,0.0314,0.80,2,all_normal
2026-01-03,cascadia,0,0.1869,0.60,3,mixed
2026-01-03,tokyo_kanto,0,0.0566,0.80,3,all_normal
2026-01-03,istanbul_marmara,0,0.1045,0.80,3,all_normal
2026-01-03,turkey_kahramanmaras,0,0.2082,0.80,2,all_normal
2026-01-03,campi_flegrei,0,0.0956,0.80,2,all_normal
2026-01-03,mexico_guerrero,0,0.1747,0.80,2,all_normal
2026-01-04,kaikoura,0,0.0000,0.50,1,single_method
2026-01-04,anchorage,0,0.0551,0.80,2,all_normal
2026-01-04,kumamoto,0,0.0423,0.80,2,all_normal
2026-01-04,hualien,0,0.0478,0.50,1,single_method
2026-01-04,ridgecrest,0,0.1562,0.80,3,all_normal
2026-01-04,socal_saf_mojave,0,0.0682,0.80,3,all_normal
2026-01-04,socal_saf_coachella,0,0.0709,0.80,3,all_normal
2026-01-04,norcal_hayward,0,0.1068,0.80,2,all_normal
2026-01-04,cascadia,0,0.0869,0.80,3,all_normal
2026-01-04,tokyo_kanto,0,0.0579,0.80,3,all_normal
2026-01-04,istanbul_marmara,0,0.0884,0.80,3,all_normal
2026-01-04,turkey_kahramanmaras,0,0.1647,0.80,2,all_normal
2026-01-04,campi_flegrei,0,0.0569,0.80,2,all_normal
2026-01-04,mexico_guerrero,0,0.1849,0.80,2,all_normal
2026-01-05,kaikoura,0,0.0000,0.50,1,single_method
2026-01-05,anchorage,0,0.0748,0.80,2,all_normal
2026-01-05,kumamoto,0,0.0499,0.80,2,all_normal
2026-01-05,hualien,0,0.0484,0.50,1,single_method
2026-01-05,ridgecrest,0,0.1574,0.80,3,all_normal
2026-01-05,socal_saf_mojave,0,0.0530,0.80,3,all_normal
2026-01-05,socal_saf_coachella,0,0.0661,0.80,3,all_normal
2026-01-05,norcal_hayward,0,0.1053,0.80,2,all_normal
2026-01-05,cascadia,0,0.0563,0.80,3,all_normal
2026-01-05,tokyo_kanto,0,0.0656,0.80,3,all_normal
2026-01-05,istanbul_marmara,0,0.0787,0.80,3,all_normal
2026-01-05,turkey_kahramanmaras,0,0.1240,0.80,2,all_normal
2026-01-05,campi_flegrei,0,0.0605,0.80,2,all_normal
2026-01-05,mexico_guerrero,1,0.2575,0.75,2,mostly_elevated
2026-01-06,kaikoura,0,0.0000,0.50,1,single_method
2026-01-06,anchorage,0,0.0968,0.80,2,all_normal
2026-01-06,kumamoto,0,0.0726,0.80,2,all_normal
2026-01-06,hualien,0,0.0764,0.50,1,single_method
2026-01-06,ridgecrest,0,0.1615,0.80,3,all_normal
2026-01-06,socal_saf_mojave,0,0.0471,0.80,3,all_normal
2026-01-06,socal_saf_coachella,0,0.0569,0.80,3,all_normal
2026-01-06,norcal_hayward,0,0.1060,0.80,2,all_normal
2026-01-06,cascadia,0,0.1133,0.80,3,all_normal
2026-01-06,tokyo_kanto,0,0.0986,0.80,3,all_normal
2026-01-06,turkey_kahramanmaras,0,0.1119,0.80,2,all_normal
2026-01-06,campi_flegrei,0,0.0648,0.80,2,all_normal
2026-01-06,istanbul_marmara,0,0.0690,0.80,3,all_normal
2026-01-06,mexico_guerrero,1,0.2674,0.75,2,mostly_elevated
2026-01-07,kaikoura,0,0.0000,0.50,1,single_method
2026-01-07,anchorage,0,0.1261,0.80,2,all_normal
2026-01-07,kumamoto,0,0.1226,0.80,2,all_normal
2026-01-07,hualien,0,0.1375,0.50,1,single_method
2026-01-07,ridgecrest,0,0.1616,0.80,3,all_normal
2026-01-07,socal_saf_mojave,0,0.0553,0.80,3,all_normal
2026-01-07,socal_saf_coachella,0,0.0640,0.80,3,all_normal
2026-01-07,norcal_hayward,0,0.1092,0.80,2,all_normal
2026-01-07,cascadia,0,0.0816,0.80,3,all_normal
2026-01-07,tokyo_kanto,0,0.1769,0.80,3,all_normal
2026-01-07,istanbul_marmara,0,0.0821,0.80,3,all_normal
2026-01-07,turkey_kahramanmaras,0,0.2009,0.80,2,all_normal
2026-01-07,campi_flegrei,0,0.2373,0.75,2,mostly_elevated
2026-01-07,mexico_guerrero,1,0.2713,0.75,2,mostly_elevated
2026-01-08,ridgecrest,0,0.1791,0.80,2,all_normal
2026-01-08,socal_saf_mojave,0,0.1991,0.60,3,mixed
2026-01-08,socal_saf_coachella,0,0.0417,0.80,2,all_normal
2026-01-08,norcal_hayward,1,0.4693,0.75,2,mostly_elevated
2026-01-08,cascadia,0,0.0781,0.80,3,all_normal
2026-01-08,tokyo_kanto,0,0.2071,0.60,3,mixed
2026-01-08,istanbul_marmara,0,0.0627,0.80,3,all_normal
2026-01-08,turkey_kahramanmaras,0,0.1193,0.80,2,all_normal
2026-01-08,campi_flegrei,0,0.0683,0.80,2,all_normal
2026-01-08,kaikoura,0,0.0000,0.50,1,single_method
2026-01-08,anchorage,0,0.1863,0.80,2,all_normal
2026-01-08,kumamoto,0,0.2425,0.75,2,mostly_elevated
2026-01-08,hualien,0,0.2104,0.50,1,single_method
2026-01-08,mexico_guerrero,1,0.2627,0.75,2,mostly_elevated
2026-01-09,kaikoura,0,0.0000,0.50,1,single_method
2026-01-09,anchorage,1,0.3167,0.75,2,mostly_elevated
2026-01-09,kumamoto,1,0.3554,0.75,2,mostly_elevated
2026-01-09,hualien,1,0.3475,0.50,1,single_method
2026-01-09,ridgecrest,0,0.1461,0.80,3,all_normal
2026-01-09,socal_saf_mojave,0,0.0452,0.80,3,all_normal
2026-01-09,socal_saf_coachella,0,0.0645,0.80,3,all_normal
2026-01-09,norcal_hayward,0,0.1724,0.80,2,all_normal
2026-01-09,cascadia,0,0.1181,0.80,3,all_normal
2026-01-09,tokyo_kanto,1,0.3069,0.60,3,mixed
2026-01-09,istanbul_marmara,0,0.0663,0.80,3,all_normal
2026-01-09,turkey_kahramanmaras,0,0.0820,0.80,2,all_normal
2026-01-09,campi_flegrei,0,0.0830,0.80,2,all_normal
2026-01-09,mexico_guerrero,0,0.2117,0.80,2,all_normal
2026-01-10,kaikoura,0,0.0000,0.50,1,single_method
2026-01-10,anchorage,1,0.3565,0.75,2,mostly_elevated
2026-01-10,kumamoto,1,0.4213,0.75,2,mostly_elevated
2026-01-10,hualien,1,0.3656,0.50,1,single_method
2026-01-10,ridgecrest,0,0.2234,0.80,2,all_normal
2026-01-10,socal_saf_mojave,0,0.0708,0.80,3,all_normal
2026-01-10,socal_saf_coachella,0,0.0860,0.80,2,all_normal
2026-01-10,norcal_hayward,0,0.2427,0.80,2,all_normal
2026-01-10,cascadia,0,0.1919,0.80,3,all_normal
2026-01-10,tokyo_kanto,1,0.3236,0.60,3,mixed
2026-01-10,istanbul_marmara,0,0.0546,0.80,3,all_normal
2026-01-10,turkey_kahramanmaras,0,0.0582,0.80,2,all_normal
2026-01-10,campi_flegrei,0,0.0621,0.80,2,all_normal
2026-01-10,mexico_guerrero,0,0.2401,0.75,2,mostly_elevated
2026-01-11,ridgecrest,1,0.2922,0.60,3,mixed
2026-01-11,socal_saf_mojave,0,0.2175,0.60,3,mixed
2026-01-11,socal_saf_coachella,0,0.2410,0.75,2,mostly_elevated
2026-01-11,norcal_hayward,1,0.4094,0.75,2,mostly_elevated
2026-01-11,cascadia,1,0.2645,0.60,3,mixed
2026-01-11,tokyo_kanto,1,0.2635,0.60,3,mixed
2026-01-11,istanbul_marmara,0,0.0465,0.80,3,all_normal
2026-01-11,turkey_kahramanmaras,0,0.0915,0.80,2,all_normal
2026-01-11,campi_flegrei,0,0.0858,0.80,2,all_normal
2026-01-11,kaikoura,0,0.0000,0.50,1,single_method
2026-01-11,anchorage,0,0.0841,0.80,2,all_normal
2026-01-11,kumamoto,1,0.3281,0.75,2,mostly_elevated
2026-01-11,hualien,0,0.0878,0.50,1,single_method
2026-01-11,mexico_guerrero,0,0.1832,0.80,2,all_normal
2026-01-12,ridgecrest,1,0.4300,0.60,3,mixed
2026-01-12,socal_saf_mojave,1,0.3214,0.60,3,mixed
2026-01-12,socal_saf_coachella,1,0.4286,0.75,2,mostly_elevated
2026-01-12,norcal_hayward,0,0.2009,0.80,2,all_normal
2026-01-12,cascadia,0,0.0839,0.80,3,all_normal
2026-01-12,tokyo_kanto,0,0.0368,0.80,3,all_normal
2026-01-12,istanbul_marmara,0,0.0338,0.80,3,all_normal
2026-01-12,turkey_kahramanmaras,0,0.0492,0.80,2,all_normal
2026-01-12,campi_flegrei,0,0.1823,0.80,2,all_normal
2026-01-12,kaikoura,0,0.0000,0.50,1,single_method
2026-01-12,anchorage,0,0.0033,0.80,2,all_normal
2026-01-12,kumamoto,0,0.0036,0.80,2,all_normal
2026-01-12,hualien,0,0.0094,0.50,1,single_method
2026-01-12,mexico_guerrero,0,0.1594,0.80,2,all_normal
2026-01-13,ridgecrest,1,0.3009,0.60,3,mixed
2026-01-13,socal_saf_mojave,0,0.2094,0.60,3,mixed
2026-01-13,socal_saf_coachella,0,0.2182,0.60,3,mixed
2026-01-13,norcal_hayward,0,0.0886,0.80,2,all_normal
2026-01-13,cascadia,0,0.0400,0.80,3,all_normal
2026-01-13,tokyo_kanto,0,0.0295,0.80,3,all_normal
2026-01-13,istanbul_marmara,0,0.0279,0.80,3,all_normal
2026-01-13,turkey_kahramanmaras,0,0.0466,0.80,2,all_normal
2026-01-13,campi_flegrei,0,0.0598,0.80,2,all_normal
2026-01-13,kaikoura,0,0.0000,0.50,1,single_method
2026-01-13,anchorage,0,0.0000,0.80,2,all_normal
2026-01-13,kumamoto,0,0.0000,0.80,2,all_normal
2026-01-13,hualien,0,0.0075,0.50,1,single_method
2026-01-13,mexico_guerrero,0,0.2007,0.80,2,all_normal
2026-01-14,ridgecrest,0,0.2193,0.80,3,all_normal
2026-01-14,socal_saf_mojave,0,0.1655,0.80,3,all_normal
2026-01-14,socal_saf_coachella,0,0.1616,0.80,3,all_normal
2026-01-14,norcal_hayward,0,0.0751,0.80,2,all_normal
2026-01-14,cascadia,0,0.0579,0.80,3,all_normal
2026-01-14,tokyo_kanto,0,0.0804,0.80,3,all_normal
2026-01-14,istanbul_marmara,0,0.0776,0.80,3,all_normal
2026-01-14,turkey_kahramanmaras,0,0.1677,0.80,2,all_normal
2026-01-14,campi_flegrei,1,0.3367,0.75,2,mostly_elevated
2026-01-14,kaikoura,0,0.0000,0.50,1,single_method
2026-01-14,anchorage,0,0.0003,0.80,2,all_normal
2026-01-14,kumamoto,0,0.0000,0.80,2,all_normal
2026-01-14,hualien,0,0.0218,0.50,1,single_method
2026-01-14,mexico_guerrero,0,0.0873,0.80,2,all_normal
2026-01-15,ridgecrest,1,0.4095,0.60,3,mixed
2026-01-15,socal_saf_mojave,1,0.3071,0.60,3,mixed
2026-01-15,socal_saf_coachella,1,0.3173,0.60,3,mixed
2026-01-15,norcal_hayward,1,0.4526,0.75,2,mostly_elevated
2026-01-15,cascadia,1,0.3288,0.60,3,mixed
2026-01-15,tokyo_kanto,0,0.0675,0.80,3,all_normal
2026-01-15,istanbul_marmara,0,0.0367,0.80,3,all_normal
2026-01-15,turkey_kahramanmaras,0,0.0604,0.80,2,all_normal
2026-01-15,campi_flegrei,0,0.0998,0.80,2,all_normal
2026-01-15,kaikoura,0,0.0000,0.50,1,single_method
2026-01-15,anchorage,1,0.4286,0.75,2,mostly_elevated
2026-01-15,kumamoto,0,0.0193,0.80,2,all_normal
2026-01-15,hualien,0,0.0320,0.50,1,single_method
2026-01-15,mexico_guerrero,0,0.0617,0.80,2,all_normal
2026-01-16,kaikoura,1,0.3640,0.75,2,mostly_elevated
2026-01-16,anchorage,0,0.1638,0.80,2,all_normal
2026-01-16,kumamoto,0,0.0285,0.80,2,all_normal
2026-01-16,hualien,0,0.0407,0.50,1,single_method
2026-01-16,ridgecrest,1,0.4192,0.60,3,mixed
2026-01-16,socal_saf_mojave,1,0.3166,0.60,3,mixed
2026-01-16,socal_saf_coachella,1,0.3361,0.60,3,mixed
2026-01-16,norcal_hayward,1,0.4929,0.75,2,mostly_elevated
2026-01-16,cascadia,1,0.3543,0.60,3,mixed
2026-01-16,tokyo_kanto,0,0.0618,0.80,3,all_normal
2026-01-16,istanbul_marmara,0,0.0646,0.80,3,all_normal
2026-01-16,turkey_kahramanmaras,0,0.0921,0.80,2,all_normal
2026-01-16,campi_flegrei,0,0.0556,0.80,2,all_normal
2026-01-16,mexico_guerrero,0,0.0753,0.80,2,all_normal
2026-01-17,ridgecrest,1,0.3527,0.60,3,mixed
2026-01-17,socal_saf_mojave,1,0.2641,0.60,3,mixed
2026-01-17,socal_saf_coachella,1,0.2693,0.60,3,mixed
2026-01-17,norcal_hayward,0,0.1069,0.80,2,all_normal
2026-01-17,cascadia,2,0.5274,0.75,3,mostly_elevated
2026-01-17,tokyo_kanto,0,0.0648,0.80,3,all_normal
2026-01-17,istanbul_marmara,0,0.1285,0.80,3,all_normal
2026-01-17,turkey_kahramanmaras,0,0.1674,0.80,2,all_normal
2026-01-17,campi_flegrei,0,0.0651,0.80,2,all_normal
2026-01-17,kaikoura,1,0.3434,0.75,2,mostly_elevated
2026-01-17,anchorage,0,0.0246,0.80,2,all_normal
2026-01-17,kumamoto,0,0.0325,0.80,2,all_normal
2026-01-17,hualien,0,0.0459,0.50,1,single_method
2026-01-17,mexico_guerrero,0,0.1453,0.80,2,all_normal
2026-01-18,ridgecrest,2,0.5282,0.75,2,mostly_elevated
2026-01-18,socal_saf_mojave,1,0.3907,0.75,2,mostly_elevated
2026-01-18,socal_saf_coachella,1,0.3907,0.75,2,mostly_elevated
2026-01-18,norcal_hayward,1,0.4673,0.75,2,mostly_elevated
2026-01-18,cascadia,1,0.3371,0.60,3,mixed
2026-01-18,tokyo_kanto,0,0.0590,0.80,3,all_normal
2026-01-18,istanbul_marmara,0,0.0427,0.80,3,all_normal
2026-01-18,turkey_kahramanmaras,0,0.0489,0.80,2,all_normal
2026-01-18,campi_flegrei,0,0.0606,0.80,2,all_normal
2026-01-18,kaikoura,0,0.0872,0.80,2,all_normal
2026-01-18,anchorage,0,0.1616,0.80,2,all_normal
2026-01-18,kumamoto,0,0.0452,0.80,2,all_normal
2026-01-18,hualien,0,0.0467,0.50,1,single_method
2026-01-18,mexico_guerrero,0,0.1547,0.80,2,all_normal
2026-01-19,ridgecrest,1,0.4393,0.75,3,mostly_elevated
2026-01-19,socal_saf_mojave,1,0.3080,0.60,3,mixed
2026-01-19,socal_saf_coachella,1,0.3924,0.75,2,mostly_elevated
2026-01-19,norcal_hayward,3,0.8568,0.85,2,all_elevated
2026-01-19,cascadia,1,0.3344,0.60,3,mixed
2026-01-19,tokyo_kanto,0,0.0711,0.80,3,all_normal
2026-01-19,istanbul_marmara,0,0.0316,0.80,3,all_normal
2026-01-19,turkey_kahramanmaras,0,0.0535,0.80,2,all_normal
2026-01-19,campi_flegrei,0,0.0714,0.80,2,all_normal
2026-01-19,kaikoura,0,0.1279,0.80,2,all_normal
2026-01-19,anchorage,0,0.1161,0.80,2,all_normal
2026-01-19,kumamoto,0,0.0598,0.80,2,all_normal
2026-01-19,hualien,0,0.0528,0.50,1,single_method
2026-01-19,mexico_guerrero,0,0.1952,0.80,2,all_normal
2026-01-20,ridgecrest,1,0.4687,0.75,3,mostly_elevated
2026-01-20,socal_saf_mojave,1,0.3035,0.60,3,mixed
2026-01-20,socal_saf_coachella,1,0.3828,0.75,2,mostly_elevated
2026-01-20,norcal_hayward,3,0.8196,0.85,2,all_elevated
2026-01-20,cascadia,1,0.3329,0.60,3,mixed
2026-01-20,tokyo_kanto,0,0.1291,0.80,3,all_normal
2026-01-20,istanbul_marmara,0,0.0356,0.80,3,all_normal
2026-01-20,turkey_kahramanmaras,0,0.0728,0.80,2,all_normal
2026-01-20,campi_flegrei,0,0.0711,0.80,2,all_normal
2026-01-20,kaikoura,0,0.1962,0.80,2,all_normal
2026-01-20,anchorage,0,0.2126,0.80,2,all_normal
2026-01-20,kumamoto,0,0.0642,0.80,2,all_normal
2026-01-20,hualien,0,0.0671,0.50,1,single_method
2026-01-20,mexico_guerrero,0,0.2125,0.80,2,all_normal
2026-01-21,ridgecrest,1,0.3278,0.75,2,mostly_elevated
2026-01-21,socal_saf_mojave,1,0.2591,0.60,3,mixed
2026-01-21,socal_saf_coachella,1,0.3278,0.75,2,mostly_elevated
2026-01-21,norcal_hayward,3,0.8021,0.85,2,all_elevated
2026-01-21,cascadia,1,0.3175,0.60,3,mixed
2026-01-21,tokyo_kanto,0,0.0984,0.80,3,all_normal
2026-01-21,istanbul_marmara,0,0.0320,0.80,3,all_normal
2026-01-21,turkey_kahramanmaras,0,0.0990,0.80,2,all_normal
2026-01-21,campi_flegrei,0,0.0541,0.80,2,all_normal
2026-01-21,kaikoura,0,0.0866,0.80,2,all_normal
2026-01-21,anchorage,1,0.4286,0.75,2,mostly_elevated
2026-01-21,kumamoto,0,0.0886,0.80,2,all_normal
2026-01-21,hualien,0,0.0976,0.50,1,single_method
2026-01-21,mexico_guerrero,1,0.2680,0.75,2,mostly_elevated
2026-01-22,ridgecrest,0,0.1690,0.80,3,all_normal
2026-01-22,socal_saf_mojave,0,0.2258,0.60,3,mixed
2026-01-22,socal_saf_coachella,0,0.0617,0.80,2,all_normal
2026-01-22,norcal_hayward,1,0.4298,0.80,2,all_normal
2026-01-22,cascadia,0,0.1761,0.80,3,all_normal
2026-01-22,tokyo_kanto,1,0.3676,0.60,3,mixed
2026-01-22,istanbul_marmara,0,0.1142,0.80,3,all_normal
2026-01-22,turkey_kahramanmaras,0,0.1453,0.80,2,all_normal
2026-01-22,campi_flegrei,0,0.0558,0.80,2,all_normal
2026-01-22,kaikoura,0,0.0886,0.80,2,all_normal
2026-01-22,anchorage,0,0.2463,0.75,2,mostly_elevated
2026-01-22,kumamoto,1,0.4286,0.75,2,mostly_elevated
2026-01-22,hualien,0,0.1341,0.50,1,single_method
2026-01-22,mexico_guerrero,1,0.2636,0.75,2,mostly_elevated
2026-01-23,ridgecrest,0,0.1342,0.80,3,all_normal
2026-01-23,socal_saf_mojave,0,0.2186,0.80,3,all_normal
2026-01-23,socal_saf_coachella,0,0.1529,0.80,2,all_normal
2026-01-23,norcal_hayward,1,0.3213,0.80,2,all_normal
2026-01-23,cascadia,0,0.1698,0.80,3,all_normal
2026-01-23,tokyo_kanto,0,0.0968,0.80,3,all_normal
2026-01-23,istanbul_marmara,0,0.0967,0.80,3,all_normal
2026-01-23,turkey_kahramanmaras,0,0.1096,0.80,2,all_normal
2026-01-23,campi_flegrei,0,0.0649,0.80,2,all_normal
2026-01-23,kaikoura,1,0.2729,0.75,2,mostly_elevated
2026-01-23,anchorage,0,0.1505,0.80,2,all_normal
2026-01-23,kumamoto,0,0.0790,0.80,2,all_normal
2026-01-23,hualien,0,0.1905,0.50,1,single_method
2026-01-23,mexico_guerrero,0,0.0632,0.80,2,all_normal
2026-01-24,ridgecrest,0,0.0688,0.80,3,all_normal
2026-01-24,socal_saf_mojave,0,0.0514,0.80,3,all_normal
2026-01-24,socal_saf_coachella,0,0.0644,0.80,3,all_normal
2026-01-24,norcal_hayward,1,0.2632,0.80,2,all_normal
2026-01-24,cascadia,0,0.0871,0.80,3,all_normal
2026-01-24,tokyo_kanto,0,0.1211,0.80,3,all_normal
2026-01-24,istanbul_marmara,1,0.2766,0.60,3,mixed
2026-01-24,turkey_kahramanmaras,0,0.1274,0.80,2,all_normal
2026-01-24,campi_flegrei,0,0.0729,0.80,2,all_normal
2026-01-24,kaikoura,0,0.1939,0.80,2,all_normal
2026-01-24,anchorage,0,0.1816,0.80,2,all_normal
2026-01-24,kumamoto,0,0.1278,0.80,2,all_normal
2026-01-24,hualien,1,0.2620,0.50,1,single_method
2026-01-24,mexico_guerrero,0,0.0684,0.80,2,all_normal
2026-01-25,ridgecrest,0,0.0517,0.80,3,all_normal
2026-01-25,socal_saf_mojave,0,0.0318,0.80,3,all_normal
2026-01-25,socal_saf_coachella,0,0.0461,0.80,3,all_normal
2026-01-25,norcal_hayward,1,0.2650,0.80,2,all_normal
2026-01-25,cascadia,0,0.0623,0.80,3,all_normal
2026-01-25,tokyo_kanto,1,0.2695,0.60,3,mixed
2026-01-25,istanbul_marmara,0,0.0757,0.80,3,all_normal
2026-01-25,turkey_kahramanmaras,0,0.1641,0.50,1,single_method
2026-01-25,campi_flegrei,0,0.1815,0.80,2,all_normal
2026-01-25,kaikoura,0,0.0720,0.80,2,all_normal
2026-01-25,anchorage,0,0.2023,0.80,2,all_normal
2026-01-25,kumamoto,1,0.3066,0.75,2,mostly_elevated
2026-01-25,hualien,1,0.3324,0.50,1,single_method
2026-01-25,mexico_guerrero,0,0.0483,0.80,2,all_normal
2026-01-26,ridgecrest,0,0.0444,0.80,3,all_normal
2026-01-26,socal_saf_mojave,0,0.0319,0.80,3,all_normal
2026-01-26,socal_saf_coachella,0,0.0426,0.80,3,all_normal
2026-01-26,norcal_hayward,0,0.0159,0.80,2,all_normal
2026-01-26,cascadia,0,0.0622,0.80,3,all_normal
2026-01-26,tokyo_kanto,1,0.3439,0.60,3,mixed
2026-01-26,istanbul_marmara,0,0.0380,0.80,2,all_normal
2026-01-26,turkey_kahramanmaras,0,0.0887,0.50,1,single_method
2026-01-26,campi_flegrei,0,0.2124,0.80,2,all_normal
2026-01-26,kaikoura,0,0.0286,0.80,2,all_normal
2026-01-26,anchorage,0,0.1751,0.80,2,all_normal
2026-01-26,kumamoto,1,0.4286,0.75,2,mostly_elevated
2026-01-26,hualien,0,0.2192,0.50,1,single_method
2026-01-26,mexico_guerrero,0,0.0389,0.80,2,all_normal
2026-01-27,ridgecrest,0,0.0698,0.80,3,all_normal
2026-01-27,socal_saf_mojave,0,0.0605,0.80,3,all_normal
2026-01-27,socal_saf_coachella,0,0.0647,0.80,3,all_normal
2026-01-27,norcal_hayward,0,0.1383,0.80,2,all_normal
2026-01-27,cascadia,0,0.1128,0.80,3,all_normal
2026-01-27,tokyo_kanto,1,0.3259,0.60,3,mixed
2026-01-27,istanbul_marmara,0,0.0221,0.80,2,all_normal
2026-01-27,turkey_kahramanmaras,0,0.0515,0.50,1,single_method
2026-01-27,campi_flegrei,0,0.2051,0.80,2,all_normal
2026-01-27,kaikoura,0,0.0112,0.80,2,all_normal
2026-01-27,anchorage,0,0.0606,0.80,2,all_normal
2026-01-27,kumamoto,1,0.4007,0.75,2,mostly_elevated
2026-01-27,hualien,0,0.0408,0.50,1,single_method
2026-01-27,mexico_guerrero,0,0.0333,0.80,2,all_normal
2026-01-28,ridgecrest,1,0.2954,0.60,3,mixed
2026-01-28,socal_saf_mojave,1,0.2870,0.60,3,mixed
2026-01-28,socal_saf_coachella,1,0.2989,0.60,3,mixed
2026-01-28,norcal_hayward,1,0.4286,0.75,2,mostly_elevated
2026-01-28,cascadia,1,0.3608,0.60,3,mixed
2026-01-28,tokyo_kanto,0,0.0434,0.80,3,all_normal
2026-01-28,istanbul_marmara,0,0.0323,0.80,3,all_normal
2026-01-28,turkey_kahramanmaras,0,0.0447,0.80,2,all_normal
2026-01-28,campi_flegrei,0,0.2304,0.80,2,all_normal
2026-01-28,kaikoura,0,0.0151,0.80,2,all_normal
2026-01-28,anchorage,0,0.0885,0.80,2,all_normal
2026-01-28,kumamoto,0,0.0166,0.80,2,all_normal
2026-01-28,hualien,0,0.0179,0.50,1,single_method
2026-01-28,mexico_guerrero,0,0.0352,0.80,2,all_normal
2026-01-29,ridgecrest,1,0.3942,0.75,2,mostly_elevated
2026-01-29,socal_saf_mojave,1,0.2973,0.60,3,mixed
2026-01-29,socal_saf_coachella,1,0.3064,0.60,3,mixed
2026-01-29,norcal_hayward,1,0.4153,0.75,2,mostly_elevated
2026-01-29,cascadia,1,0.3291,0.60,3,mixed
2026-01-29,tokyo_kanto,0,0.0442,0.80,3,all_normal
2026-01-29,istanbul_marmara,0,0.0204,0.80,2,all_normal
2026-01-29,turkey_kahramanmaras,0,0.0477,0.50,1,single_method
2026-01-29,campi_flegrei,0,0.2193,0.80,2,all_normal
2026-01-29,kaikoura,0,0.0211,0.80,2,all_normal
2026-01-29,anchorage,1,0.2703,0.75,2,mostly_elevated
2026-01-29,kumamoto,0,0.0030,0.80,2,all_normal
2026-01-29,hualien,0,0.0282,0.50,1,single_method
2026-01-29,mexico_guerrero,0,0.0185,0.80,2,all_normal
2026-01-30,ridgecrest,1,0.3503,0.75,2,mostly_elevated
2026-01-30,socal_saf_mojave,1,0.2742,0.60,3,mixed
2026-01-30,socal_saf_coachella,1,0.3503,0.75,2,mostly_elevated
2026-01-30,norcal_hayward,1,0.4015,0.75,2,mostly_elevated
2026-01-30,cascadia,1,0.3304,0.60,3,mixed
2026-01-30,tokyo_kanto,0,0.0423,0.80,3,all_normal
2026-01-30,istanbul_marmara,0,0.0423,0.80,3,all_normal
2026-01-30,turkey_kahramanmaras,0,0.0621,0.80,2,all_normal
2026-01-30,campi_flegrei,0,0.2246,0.80,2,all_normal
2026-01-30,kaikoura,0,0.0327,0.80,2,all_normal
2026-01-30,anchorage,1,0.2845,0.75,2,mostly_elevated
2026-01-30,kumamoto,0,0.0161,0.80,2,all_normal
2026-01-30,hualien,0,0.0416,0.50,1,single_method
2026-01-30,mexico_guerrero,0,0.0257,0.80,2,all_normal
2026-01-31,ridgecrest,2,0.5363,0.75,3,mostly_elevated
2026-01-31,socal_saf_mojave,1,0.3394,0.75,2,mostly_elevated
2026-01-31,socal_saf_coachella,1,0.3394,0.75,2,mostly_elevated
2026-01-31,norcal_hayward,1,0.4015,0.75,2,mostly_elevated
2026-01-31,cascadia,1,0.3312,0.60,3,mixed
2026-01-31,tokyo_kanto,0,0.0518,0.80,3,all_normal
2026-01-31,istanbul_marmara,0,0.0437,0.80,3,all_normal
2026-01-31,turkey_kahramanmaras,0,0.0623,0.80,2,all_normal
2026-01-31,campi_flegrei,0,0.2339,0.80,2,all_normal
2026-01-31,kaikoura,0,0.0440,0.80,2,all_normal
2026-01-31,anchorage,1,0.2781,0.75,2,mostly_elevated
2026-01-31,kumamoto,0,0.0348,0.80,2,all_normal
2026-01-31,hualien,0,0.0502,0.50,1,single_method
2026-01-31,mexico_guerrero,0,0.0290,0.80,2,all_normal
2026-02-01,ridgecrest,1,0.3463,0.75,2,mostly_elevated
2026-02-01,socal_saf_mojave,1,0.2888,0.60,3,mixed
2026-02-01,socal_saf_coachella,1,0.3463,0.75,2,mostly_elevated
2026-02-01,norcal_hayward,1,0.3865,0.75,2,mostly_elevated
2026-02-01,cascadia,1,0.3285,0.60,3,mixed
2026-02-01,tokyo_kanto,0,0.0801,0.80,3,all_normal
2026-02-01,istanbul_marmara,0,0.0394,0.80,3,all_normal
2026-02-01,turkey_kahramanmaras,0,0.2157,0.80,2,all_normal
2026-02-01,campi_flegrei,0,0.2087,0.80,2,all_normal
2026-02-01,kaikoura,0,0.0800,0.80,2,all_normal
2026-02-01,anchorage,1,0.2634,0.75,2,mostly_elevated
2026-02-01,kumamoto,0,0.0690,0.80,2,all_normal
2026-02-01,hualien,0,0.0820,0.50,1,single_method
2026-02-01,mexico_guerrero,0,0.0307,0.80,2,all_normal
2026-02-02,ridgecrest,1,0.3535,0.75,2,mostly_elevated
2026-02-02,socal_saf_mojave,1,0.2660,0.60,3,mixed
2026-02-02,socal_saf_coachella,1,0.3535,0.75,2,mostly_elevated
2026-02-02,norcal_hayward,1,0.3665,0.75,2,mostly_elevated
2026-02-02,cascadia,1,0.3090,0.60,3,mixed
2026-02-02,tokyo_kanto,0,0.1051,0.80,3,all_normal
2026-02-02,istanbul_marmara,0,0.0858,0.80,3,all_normal
2026-02-02,turkey_kahramanmaras,0,0.0575,0.80,2,all_normal
2026-02-02,campi_flegrei,0,0.2086,0.80,2,all_normal
2026-02-02,kaikoura,0,0.1425,0.80,2,all_normal
2026-02-02,anchorage,1,0.2510,0.75,2,mostly_elevated
2026-02-02,kumamoto,0,0.1097,0.80,2,all_normal
2026-02-02,hualien,0,0.0947,0.50,1,single_method
2026-02-02,mexico_guerrero,0,0.0157,0.80,2,all_normal
2026-02-03,ridgecrest,2,0.5280,0.75,3,mostly_elevated
2026-02-03,socal_saf_mojave,1,0.2527,0.60,3,mixed
2026-02-03,socal_saf_coachella,1,0.3466,0.75,2,mostly_elevated
2026-02-03,norcal_hayward,1,0.3457,0.75,2,mostly_elevated
2026-02-03,cascadia,1,0.2786,0.60,3,mixed
2026-02-03,tokyo_kanto,0,0.1363,0.80,3,all_normal
2026-02-03,istanbul_marmara,0,0.0372,0.80,3,all_normal
2026-02-03,turkey_kahramanmaras,0,0.0789,0.80,2,all_normal
2026-02-03,campi_flegrei,0,0.2148,0.80,2,all_normal
2026-02-03,kaikoura,0,0.2242,0.75,2,mostly_elevated
2026-02-03,anchorage,0,0.2413,0.75,2,mostly_elevated
2026-02-03,kumamoto,0,0.1527,0.80,2,all_normal
2026-02-03,hualien,0,0.1045,0.50,1,single_method
2026-02-03,mexico_guerrero,0,0.0382,0.80,2,all_normal
2026-02-04,ridgecrest,1,0.3338,0.60,3,mixed
2026-02-04,socal_saf_mojave,1,0.3168,0.60,3,mixed
2026-02-04,socal_saf_coachella,1,0.3323,0.60,3,mixed
2026-02-04,norcal_hayward,1,0.2813,0.75,2,mostly_elevated
2026-02-04,cascadia,1,0.2607,0.60,3,mixed
2026-02-04,tokyo_kanto,0,0.1564,0.80,3,all_normal
2026-02-04,istanbul_marmara,0,0.0404,0.80,3,all_normal
2026-02-04,turkey_kahramanmaras,0,0.0669,0.80,2,all_normal
2026-02-04,campi_flegrei,1,0.2928,0.80,2,all_normal
2026-02-04,kaikoura,1,0.2889,0.75,2,mostly_elevated
2026-02-04,anchorage,1,0.2663,0.75,2,mostly_elevated
2026-02-04,kumamoto,0,0.1784,0.80,2,all_normal
2026-02-04,hualien,0,0.1148,0.50,1,single_method
2026-02-04,mexico_guerrero,0,0.0389,0.80,2,all_normal
2026-02-05,ridgecrest,1,0.3339,0.60,3,mixed
2026-02-05,socal_saf_mojave,1,0.3162,0.60,3,mixed
2026-02-05,socal_saf_coachella,1,0.3276,0.60,3,mixed
2026-02-05,norcal_hayward,0,0.1800,0.80,2,all_normal
2026-02-05,cascadia,0,0.2103,0.60,3,mixed
2026-02-05,tokyo_kanto,0,0.1841,0.80,3,all_normal
2026-02-05,istanbul_marmara,0,0.0453,0.80,3,all_normal
2026-02-05,turkey_kahramanmaras,0,0.0636,0.80,2,all_normal
2026-02-05,campi_flegrei,1,0.3052,0.80,2,all_normal
2026-02-05,kaikoura,1,0.2789,0.75,2,mostly_elevated
2026-02-05,anchorage,1,0.3224,0.75,2,mostly_elevated
2026-02-05,kumamoto,0,0.2038,0.80,2,all_normal
2026-02-05,hualien,0,0.1288,0.50,1,single_method
2026-02-05,mexico_guerrero,0,0.0626,0.80,2,all_normal
2026-02-06,ridgecrest,1,0.3331,0.60,3,mixed
2026-02-06,socal_saf_mojave,1,0.3117,0.60,3,mixed
2026-02-06,socal_saf_coachella,1,0.3289,0.60,3,mixed
2026-02-06,norcal_hayward,1,0.3219,0.75,2,mostly_elevated
2026-02-06,cascadia,0,0.1632,0.80,3,all_normal
2026-02-06,tokyo_kanto,0,0.2183,0.60,3,mixed
2026-02-06,istanbul_marmara,0,0.0581,0.80,3,all_normal
2026-02-06,turkey_kahramanmaras,0,0.0961,0.80,2,all_normal
2026-02-06,campi_flegrei,0,0.2385,0.80,2,all_normal
2026-02-06,kaikoura,1,0.2523,0.75,2,mostly_elevated
2026-02-06,anchorage,1,0.3245,0.75,2,mostly_elevated
2026-02-06,kumamoto,0,0.2320,0.75,2,mostly_elevated
2026-02-06,hualien,0,0.1607,0.50,1,single_method
2026-02-06,mexico_guerrero,0,0.0844,0.80,2,all_normal
2026-02-07,ridgecrest,0,0.0878,0.80,2,all_normal
2026-02-07,socal_saf_mojave,0,0.0821,0.80,3,all_normal
2026-02-07,socal_saf_coachella,0,0.0878,0.80,2,all_normal
2026-02-07,norcal_hayward,0,0.1076,0.80,2,all_normal
2026-02-07,cascadia,0,0.1127,0.80,3,all_normal
2026-02-07,tokyo_kanto,0,0.2473,0.60,3,mixed
2026-02-07,istanbul_marmara,0,0.0589,0.80,3,all_normal
2026-02-07,turkey_kahramanmaras,0,0.1583,0.80,2,all_normal
2026-02-07,campi_flegrei,0,0.2243,0.80,2,all_normal
2026-02-07,kaikoura,0,0.1854,0.80,2,all_normal
2026-02-07,anchorage,1,0.3268,0.75,2,mostly_elevated
2026-02-07,kumamoto,1,0.3069,0.75,2,mostly_elevated
2026-02-07,hualien,0,0.1897,0.50,1,single_method
2026-02-07,mexico_guerrero,0,0.0364,0.80,2,all_normal
2026-02-08,ridgecrest,0,0.0617,0.80,3,all_normal
2026-02-08,socal_saf_mojave,0,0.0464,0.80,3,all_normal
2026-02-08,socal_saf_coachella,0,0.0406,0.80,2,all_normal
2026-02-08,norcal_hayward,0,0.0400,0.80,2,all_normal
2026-02-08,cascadia,0,0.0742,0.80,3,all_normal
2026-02-08,tokyo_kanto,1,0.2892,0.60,3,mixed
2026-02-08,istanbul_marmara,0,0.0917,0.80,3,all_normal
2026-02-08,turkey_kahramanmaras,0,0.0758,0.80,2,all_normal
2026-02-08,campi_flegrei,0,0.2133,0.80,2,all_normal
2026-02-08,kaikoura,0,0.0949,0.80,2,all_normal
2026-02-08,anchorage,0,0.2251,0.75,2,mostly_elevated
2026-02-08,kumamoto,1,0.3596,0.75,2,mostly_elevated
2026-02-08,hualien,0,0.2079,0.50,1,single_method
2026-02-08,mexico_guerrero,0,0.0414,0.80,2,all_normal
2026-02-09,ridgecrest,0,0.2034,0.60,3,mixed
2026-02-09,socal_saf_mojave,0,0.1144,0.80,3,all_normal
2026-02-09,socal_saf_coachella,0,0.1065,0.80,3,all_normal
2026-02-09,norcal_hayward,0,0.0226,0.80,2,all_normal
2026-02-09,cascadia,0,0.0532,0.80,3,all_normal
2026-02-09,tokyo_kanto,1,0.3364,0.60,3,mixed
2026-02-09,istanbul_marmara,0,0.0333,0.80,2,all_normal
2026-02-09,turkey_kahramanmaras,0,0.0666,0.80,2,all_normal
2026-02-09,campi_flegrei,0,0.2405,0.80,2,all_normal
2026-02-09,kaikoura,0,0.0353,0.80,2,all_normal
2026-02-09,anchorage,0,0.0613,0.80,2,all_normal
2026-02-09,kumamoto,1,0.4257,0.75,2,mostly_elevated
2026-02-09,hualien,0,0.1260,0.50,1,single_method
2026-02-09,mexico_guerrero,0,0.0419,0.80,2,all_normal
2026-02-10,ridgecrest,0,0.0021,0.80,2,all_normal
2026-02-10,socal_saf_mojave,0,0.0309,0.80,3,all_normal
2026-02-10,socal_saf_coachella,0,0.0021,0.80,2,all_normal
2026-02-10,norcal_hayward,0,0.0195,0.80,2,all_normal
2026-02-10,cascadia,0,0.0286,0.80,3,all_normal
2026-02-10,tokyo_kanto,0,0.1316,0.80,3,all_normal
2026-02-10,istanbul_marmara,0,0.0424,0.80,3,all_normal
2026-02-10,turkey_kahramanmaras,0,0.0382,0.80,2,all_normal
2026-02-10,campi_flegrei,0,0.2142,0.80,2,all_normal
2026-02-10,kaikoura,0,0.0166,0.80,2,all_normal
2026-02-10,anchorage,0,0.0000,0.80,2,all_normal
2026-02-10,kumamoto,0,0.1290,0.80,2,all_normal
2026-02-10,hualien,0,0.0078,0.50,1,single_method
2026-02-10,mexico_guerrero,0,0.0382,0.80,2,all_normal
2026-02-11,ridgecrest,0,0.2360,0.60,3,mixed
2026-02-11,socal_saf_mojave,0,0.2273,0.60,3,mixed
2026-02-11,socal_saf_coachella,0,0.2159,0.60,3,mixed
2026-02-11,norcal_hayward,0,0.0298,0.80,2,all_normal
2026-02-11,cascadia,0,0.0561,0.80,3,all_normal
2026-02-11,tokyo_kanto,0,0.0307,0.80,3,all_normal
2026-02-11,istanbul_marmara,0,0.0385,0.80,3,all_normal
2026-02-11,turkey_kahramanmaras,0,0.0547,0.80,2,all_normal
2026-02-11,campi_flegrei,0,0.0669,0.80,2,all_normal
2026-02-11,kaikoura,0,0.0129,0.80,2,all_normal
2026-02-11,anchorage,0,0.0000,0.80,2,all_normal
2026-02-11,kumamoto,0,0.0000,0.80,2,all_normal
2026-02-11,hualien,0,0.0000,0.50,1,single_method
2026-02-11,mexico_guerrero,0,0.0352,0.80,2,all_normal
2026-02-12,ridgecrest,1,0.3799,0.60,3,mixed
2026-02-12,socal_saf_mojave,1,0.3780,0.60,3,mixed
2026-02-12,socal_saf_coachella,1,0.4861,0.75,3,mostly_elevated
2026-02-12,norcal_hayward,1,0.3998,0.75,2,mostly_elevated
2026-02-12,cascadia,1,0.3456,0.60,3,mixed
2026-02-12,tokyo_kanto,0,0.0456,0.80,3,all_normal
2026-02-12,istanbul_marmara,0,0.0511,0.80,3,all_normal
2026-02-12,turkey_kahramanmaras,0,0.0705,0.80,2,all_normal
2026-02-12,campi_flegrei,0,0.2112,0.80,2,all_normal
2026-02-12,kaikoura,0,0.0265,0.80,2,all_normal
2026-02-12,anchorage,0,0.0398,0.80,2,all_normal
2026-02-12,kumamoto,0,0.0000,0.80,2,all_normal
2026-02-12,hualien,0,0.0094,0.50,1,single_method
2026-02-12,mexico_guerrero,0,0.0344,0.80,2,all_normal
2026-02-13,ridgecrest,1,0.3372,0.60,3,mixed
2026-02-13,socal_saf_mojave,1,0.3263,0.60,3,mixed
2026-02-13,socal_saf_coachella,1,0.3239,0.60,3,mixed
2026-02-13,norcal_hayward,1,0.4286,0.75,2,mostly_elevated
2026-02-13,cascadia,1,0.3969,0.60,3,mixed
2026-02-13,tokyo_kanto,0,0.0477,0.80,3,all_normal
2026-02-13,istanbul_marmara,0,0.0510,0.80,3,all_normal
2026-02-13,turkey_kahramanmaras,0,0.0694,0.80,2,all_normal
2026-02-13,campi_flegrei,0,0.0802,0.80,2,all_normal
2026-02-13,kaikoura,0,0.0372,0.80,2,all_normal
2026-02-13,anchorage,0,0.2316,0.75,2,mostly_elevated
2026-02-13,kumamoto,0,0.0122,0.80,2,all_normal
2026-02-13,hualien,0,0.0326,0.50,1,single_method
2026-02-13,mexico_guerrero,0,0.0312,0.80,2,all_normal
2026-02-14,ridgecrest,1,0.2943,0.60,3,mixed
2026-02-14,socal_saf_mojave,1,0.4672,0.75,3,mostly_elevated
2026-02-14,socal_saf_coachella,2,0.5333,0.75,3,mostly_elevated
2026-02-14,norcal_hayward,1,0.4286,0.75,2,mostly_elevated
2026-02-14,cascadia,1,0.3475,0.60,3,mixed
2026-02-14,tokyo_kanto,0,0.0559,0.80,3,all_normal
2026-02-14,istanbul_marmara,0,0.0596,0.80,3,all_normal
2026-02-14,turkey_kahramanmaras,0,0.0575,0.80,2,all_normal
2026-02-14,campi_flegrei,0,0.1271,0.80,2,all_normal
2026-02-14,kaikoura,0,0.0451,0.80,2,all_normal
2026-02-14,anchorage,1,0.3227,0.75,2,mostly_elevated
2026-02-14,kumamoto,0,0.0318,0.80,2,all_normal
2026-02-14,hualien,0,0.0439,0.50,1,single_method
2026-02-14,mexico_guerrero,0,0.0275,0.80,2,all_normal
2026-02-15,ridgecrest,1,0.2818,0.60,3,mixed
2026-02-15,socal_saf_mojave,1,0.2666,0.60,3,mixed
2026-02-15,socal_saf_coachella,1,0.2790,0.60,3,mixed
2026-02-15,norcal_hayward,1,0.3946,0.75,2,mostly_elevated
2026-02-15,cascadia,1,0.3342,0.60,3,mixed
2026-02-15,tokyo_kanto,0,0.0733,0.80,3,all_normal
2026-02-15,istanbul_marmara,0,0.0471,0.80,3,all_normal
2026-02-15,turkey_kahramanmaras,0,0.0608,0.80,2,all_normal
2026-02-15,campi_flegrei,0,0.0575,0.80,2,all_normal
2026-02-15,kaikoura,0,0.0725,0.80,2,all_normal
2026-02-15,anchorage,1,0.3105,0.75,2,mostly_elevated
2026-02-15,kumamoto,0,0.0622,0.80,2,all_normal
2026-02-15,hualien,0,0.0546,0.50,1,single_method
2026-02-15,mexico_guerrero,0,0.0165,0.80,2,all_normal
2026-02-16,ridgecrest,1,0.2784,0.60,3,mixed
2026-02-16,socal_saf_mojave,1,0.2645,0.60,3,mixed
2026-02-16,socal_saf_coachella,1,0.2763,0.60,3,mixed
2026-02-16,norcal_hayward,1,0.3964,0.75,2,mostly_elevated
2026-02-16,cascadia,1,0.3329,0.60,3,mixed
2026-02-16,tokyo_kanto,0,0.1039,0.80,3,all_normal
2026-02-16,istanbul_marmara,0,0.0693,0.80,3,all_normal
2026-02-16,turkey_kahramanmaras,0,0.0935,0.80,2,all_normal
2026-02-16,campi_flegrei,0,0.1111,0.80,2,all_normal
2026-02-16,kaikoura,0,0.0974,0.80,2,all_normal
2026-02-16,anchorage,1,0.3389,0.75,2,mostly_elevated
2026-02-16,kumamoto,0,0.1028,0.80,2,all_normal
2026-02-16,hualien,0,0.0742,0.50,1,single_method
2026-02-16,mexico_guerrero,0,0.0322,0.80,2,all_normal
2026-02-17,ridgecrest,1,0.2800,0.60,3,mixed
2026-02-17,socal_saf_mojave,1,0.2948,0.60,3,mixed
2026-02-17,socal_saf_coachella,1,0.2971,0.60,3,mixed
2026-02-17,norcal_hayward,0,0.0000,0.50,1,single_method
2026-02-17,cascadia,1,0.3283,0.60,3,mixed
2026-02-17,tokyo_kanto,0,0.1372,0.80,3,all_normal
2026-02-17,istanbul_marmara,0,0.0600,0.80,3,all_normal
2026-02-17,turkey_kahramanmaras,0,0.0731,0.80,2,all_normal
2026-02-17,campi_flegrei,0,0.1383,0.80,2,all_normal
2026-02-17,kaikoura,0,0.1393,0.80,2,all_normal
2026-02-17,anchorage,1,0.3532,0.75,2,mostly_elevated
2026-02-17,kumamoto,0,0.1524,0.80,2,all_normal
2026-02-17,hualien,0,0.0967,0.50,1,single_method
2026-02-17,mexico_guerrero,0,0.0354,0.80,2,all_normal
2026-02-18,ridgecrest,1,0.2712,0.60,3,mixed
2026-02-18,socal_saf_mojave,1,0.2507,0.60,3,mixed
2026-02-18,socal_saf_coachella,1,0.2676,0.60,3,mixed
2026-02-18,norcal_hayward,1,0.3595,0.75,2,mostly_elevated
2026-02-18,cascadia,1,0.2992,0.60,3,mixed
2026-02-18,tokyo_kanto,1,0.3291,0.60,3,mixed
2026-02-18,istanbul_marmara,0,0.1021,0.80,3,all_normal
2026-02-18,turkey_kahramanmaras,0,0.0957,0.80,2,all_normal
2026-02-18,campi_flegrei,0,0.1199,0.80,2,all_normal
2026-02-18,kaikoura,0,0.1804,0.80,2,all_normal
2026-02-18,anchorage,1,0.3469,0.75,2,mostly_elevated
2026-02-18,kumamoto,1,0.4286,0.75,2,mostly_elevated
2026-02-18,hualien,0,0.1214,0.50,1,single_method
2026-02-18,mexico_guerrero,0,0.0397,0.80,2,all_normal
2026-02-19,ridgecrest,1,0.2601,0.60,3,mixed
2026-02-19,socal_saf_mojave,0,0.2400,0.60,3,mixed
2026-02-19,socal_saf_coachella,1,0.2573,0.60,3,mixed
2026-02-19,norcal_hayward,1,0.3347,0.75,2,mostly_elevated
2026-02-19,cascadia,1,0.2949,0.60,3,mixed
2026-02-19,tokyo_kanto,0,0.1333,0.80,3,all_normal
2026-02-19,istanbul_marmara,0,0.0745,0.80,3,all_normal
2026-02-19,turkey_kahramanmaras,0,0.0834,0.80,2,all_normal
2026-02-19,campi_flegrei,0,0.1074,0.80,2,all_normal
2026-02-19,kaikoura,1,0.4134,0.75,2,mostly_elevated
2026-02-19,anchorage,1,0.3508,0.75,2,mostly_elevated
2026-02-19,kumamoto,0,0.1419,0.80,2,all_normal
2026-02-19,hualien,0,0.1335,0.50,1,single_method
2026-02-19,mexico_guerrero,0,0.0417,0.80,2,all_normal
2026-02-20,ridgecrest,0,0.2077,0.60,3,mixed
2026-02-20,socal_saf_mojave,0,0.1897,0.60,3,mixed
2026-02-20,socal_saf_coachella,0,0.2042,0.60,3,mixed
2026-02-20,norcal_hayward,1,0.4286,0.75,2,mostly_elevated
2026-02-20,cascadia,0,0.2336,0.60,3,mixed
2026-02-20,tokyo_kanto,0,0.1974,0.60,3,mixed
2026-02-20,istanbul_marmara,0,0.0769,0.80,3,all_normal
2026-02-20,turkey_kahramanmaras,0,0.1071,0.80,2,all_normal
2026-02-20,campi_flegrei,0,0.1484,0.80,2,all_normal
2026-02-20,kaikoura,0,0.0000,0.50,1,single_method
2026-02-20,anchorage,1,0.3346,0.75,2,mostly_elevated
2026-02-20,kumamoto,0,0.2179,0.75,2,mostly_elevated
2026-02-20,hualien,0,0.1420,0.50,1,single_method
2026-02-20,mexico_guerrero,0,0.0404,0.80,2,all_normal
2026-02-21,ridgecrest,0,0.1315,0.80,3,all_normal
2026-02-21,socal_saf_mojave,0,0.1279,0.80,3,all_normal
2026-02-21,socal_saf_coachella,0,0.1376,0.80,3,all_normal
2026-02-21,norcal_hayward,0,0.0901,0.80,2,all_normal
2026-02-21,cascadia,0,0.1475,0.80,3,all_normal
2026-02-21,tokyo_kanto,0,0.1937,0.60,3,mixed
2026-02-21,istanbul_marmara,0,0.0464,0.80,3,all_normal
2026-02-21,turkey_kahramanmaras,0,0.1139,0.80,2,all_normal
2026-02-21,campi_flegrei,0,0.1236,0.80,2,all_normal
2026-02-21,kaikoura,0,0.1562,0.80,2,all_normal
2026-02-21,anchorage,1,0.3322,0.75,2,mostly_elevated
2026-02-21,kumamoto,0,0.2375,0.75,2,mostly_elevated
2026-02-21,hualien,0,0.1628,0.50,1,single_method
2026-02-21,mexico_guerrero,0,0.0404,0.80,2,all_normal
2026-02-22,ridgecrest,1,0.3026,0.60,3,mixed
2026-02-22,socal_saf_mojave,0,0.1651,0.80,3,all_normal
2026-02-22,socal_saf_coachella,0,0.1222,0.80,3,all_normal
2026-02-22,norcal_hayward,0,0.0853,0.80,2,all_normal
2026-02-22,cascadia,0,0.1564,0.80,3,all_normal
2026-02-22,tokyo_kanto,0,0.2470,0.60,3,mixed
2026-02-22,istanbul_marmara,0,0.0738,0.80,3,all_normal
2026-02-22,turkey_kahramanmaras,0,0.1100,0.80,2,all_normal
2026-02-22,campi_flegrei,0,0.1335,0.80,2,all_normal
2026-02-22,kaikoura,0,0.0950,0.80,2,all_normal
2026-02-22,anchorage,1,0.3190,0.75,2,mostly_elevated
2026-02-22,kumamoto,1,0.3036,0.75,2,mostly_elevated
2026-02-22,hualien,0,0.1793,0.50,1,single_method
2026-02-22,mexico_guerrero,0,0.0391,0.80,2,all_normal
2026-02-23,ridgecrest,0,0.0815,0.80,3,all_normal
2026-02-23,socal_saf_mojave,0,0.1314,0.80,3,all_normal
2026-02-23,socal_saf_coachella,0,0.1013,0.80,3,all_normal
2026-02-23,norcal_hayward,0,0.0331,0.80,2,all_normal
2026-02-23,cascadia,0,0.0986,0.80,3,all_normal
2026-02-23,tokyo_kanto,1,0.3268,0.60,3,mixed
2026-02-23,istanbul_marmara,0,0.0814,0.80,3,all_normal
2026-02-23,turkey_kahramanmaras,1,0.3201,0.75,2,mostly_elevated
2026-02-23,campi_flegrei,0,0.1554,0.80,2,all_normal
2026-02-23,kaikoura,0,0.0399,0.80,2,all_normal
2026-02-23,anchorage,0,0.2035,0.80,2,all_normal
2026-02-23,kumamoto,1,0.3697,0.75,2,mostly_elevated
2026-02-23,hualien,0,0.1892,0.50,1,single_method
2026-02-23,mexico_guerrero,0,0.0556,0.80,2,all_normal
2026-02-24,ridgecrest,0,0.0515,0.80,3,all_normal
2026-02-24,socal_saf_mojave,0,0.0544,0.80,3,all_normal
2026-02-24,socal_saf_coachella,0,0.0616,0.80,3,all_normal
2026-02-24,norcal_hayward,0,0.0167,0.80,2,all_normal
2026-02-24,cascadia,0,0.0769,0.80,3,all_normal
2026-02-24,tokyo_kanto,1,0.3487,0.60,3,mixed
2026-02-24,istanbul_marmara,0,0.0420,0.80,3,all_normal
2026-02-24,turkey_kahramanmaras,0,0.1128,0.80,2,all_normal
2026-02-24,campi_flegrei,0,0.0632,0.80,2,all_normal
2026-02-24,kaikoura,0,0.0225,0.80,2,all_normal
2026-02-24,anchorage,0,0.0534,0.80,2,all_normal
2026-02-24,kumamoto,1,0.4286,0.75,2,mostly_elevated
2026-02-24,hualien,0,0.1236,0.50,1,single_method
2026-02-24,mexico_guerrero,0,0.0665,0.80,2,all_normal
2026-02-25,ridgecrest,0,0.0428,0.80,3,all_normal
2026-02-25,socal_saf_mojave,0,0.0482,0.80,3,all_normal
2026-02-25,socal_saf_coachella,0,0.0407,0.80,3,all_normal
2026-02-25,norcal_hayward,0,0.0517,0.80,2,all_normal
2026-02-25,cascadia,0,0.0812,0.80,3,all_normal
2026-02-25,tokyo_kanto,0,0.1367,0.80,3,all_normal
2026-02-25,istanbul_marmara,0,0.0352,0.80,3,all_normal
2026-02-25,turkey_kahramanmaras,0,0.0558,0.80,2,all_normal
2026-02-25,campi_flegrei,0,0.0638,0.80,2,all_normal
2026-02-25,kaikoura,0,0.0053,0.80,2,all_normal
2026-02-25,anchorage,0,0.0153,0.80,2,all_normal
2026-02-25,kumamoto,0,0.1560,0.80,2,all_normal
2026-02-25,hualien,0,0.0180,0.50,1,single_method
2026-02-25,mexico_guerrero,0,0.0402,0.80,2,all_normal
2026-02-26,ridgecrest,1,0.3274,0.60,3,mixed
2026-02-26,socal_saf_mojave,1,0.3221,0.60,3,mixed
2026-02-26,socal_saf_coachella,1,0.4286,0.75,2,mostly_elevated
2026-02-26,norcal_hayward,1,0.4286,0.75,2,mostly_elevated
2026-02-26,cascadia,1,0.3103,0.60,3,mixed
2026-02-26,tokyo_kanto,0,0.0309,0.80,3,all_normal
2026-02-26,istanbul_marmara,0,0.0499,0.80,3,all_normal
2026-02-26,turkey_kahramanmaras,0,0.0809,0.80,2,all_normal
2026-02-26,campi_flegrei,0,0.0765,0.80,2,all_normal
2026-02-26,kaikoura,0,0.0068,0.80,2,all_normal
2026-02-26,anchorage,0,0.0750,0.80,2,all_normal
2026-02-26,kumamoto,0,0.0000,0.80,2,all_normal
2026-02-26,hualien,0,0.0069,0.50,1,single_method
2026-02-26,mexico_guerrero,0,0.0323,0.80,2,all_normal
2026-02-27,ridgecrest,1,0.2995,0.60,3,mixed
2026-02-27,socal_saf_mojave,1,0.2904,0.60,3,mixed
2026-02-27,socal_saf_coachella,1,0.3865,0.75,2,mostly_elevated
2026-02-27,norcal_hayward,1,0.4286,0.75,2,mostly_elevated
2026-02-27,cascadia,1,0.3306,0.60,3,mixed
2026-02-27,tokyo_kanto,0,0.0274,0.80,3,all_normal
2026-02-27,istanbul_marmara,0,0.0316,0.80,3,all_normal
2026-02-27,turkey_kahramanmaras,0,0.0874,0.80,2,all_normal
2026-02-27,campi_flegrei,0,0.0655,0.80,2,all_normal
2026-02-27,kaikoura,0,0.0238,0.80,2,all_normal
2026-02-27,anchorage,1,0.3498,0.75,2,mostly_elevated
2026-02-27,kumamoto,0,0.0000,0.80,2,all_normal
2026-02-27,hualien,0,0.0330,0.50,1,single_method
2026-02-27,mexico_guerrero,0,0.0271,0.80,2,all_normal
2026-02-28,ridgecrest,1,0.2563,0.60,3,mixed
2026-02-28,socal_saf_mojave,0,0.2456,0.60,3,mixed
2026-02-28,socal_saf_coachella,1,0.3255,0.75,2,mostly_elevated
2026-02-28,norcal_hayward,1,0.3582,0.75,2,mostly_elevated
2026-02-28,cascadia,1,0.3267,0.60,3,mixed
2026-02-28,tokyo_kanto,0,0.0488,0.80,3,all_normal
2026-02-28,istanbul_marmara,0,0.0413,0.80,3,all_normal
2026-02-28,turkey_kahramanmaras,0,0.0722,0.80,2,all_normal
2026-02-28,campi_flegrei,0,0.0562,0.80,2,all_normal
2026-02-28,kaikoura,0,0.0439,0.80,2,all_normal
2026-02-28,anchorage,1,0.3942,0.75,2,mostly_elevated
2026-02-28,kumamoto,0,0.0286,0.80,2,all_normal
2026-02-28,hualien,0,0.0621,0.50,1,single_method
2026-02-28,mexico_guerrero,0,0.0277,0.80,2,all_normal
2026-03-01,ridgecrest,0,0.2431,0.60,3,mixed
2026-03-01,socal_saf_mojave,0,0.2231,0.60,3,mixed
2026-03-01,socal_saf_coachella,1,0.2742,0.75,2,mostly_elevated
2026-03-01,norcal_hayward,1,0.3424,0.75,2,mostly_elevated
2026-03-01,cascadia,1,0.3297,0.60,3,mixed
2026-03-01,tokyo_kanto,0,0.0853,0.80,3,all_normal
2026-03-01,istanbul_marmara,0,0.0416,0.80,3,all_normal
2026-03-01,turkey_kahramanmaras,0,0.0661,0.80,2,all_normal
2026-03-01,campi_flegrei,0,0.2433,0.75,2,mostly_elevated
2026-03-01,kaikoura,0,0.0807,0.80,2,all_normal
2026-03-01,anchorage,1,0.3977,0.75,2,mostly_elevated
2026-03-01,kumamoto,0,0.0803,0.80,2,all_normal
2026-03-01,hualien,0,0.1192,0.50,1,single_method
2026-03-01,mexico_guerrero,0,0.0337,0.80,2,all_normal
2026-03-02,ridgecrest,1,0.3269,0.60,3,mixed
2026-03-02,socal_saf_mojave,2,0.5021,0.75,3,mostly_elevated
2026-03-02,socal_saf_coachella,1,0.2667,0.75,2,mostly_elevated
2026-03-02,norcal_hayward,1,0.3423,0.75,2,mostly_elevated
2026-03-02,cascadia,1,0.3047,0.60,3,mixed
2026-03-02,tokyo_kanto,0,0.1983,0.80,3,all_normal
2026-03-02,istanbul_marmara,0,0.0550,0.80,3,all_normal
2026-03-02,turkey_kahramanmaras,0,0.1850,0.80,2,all_normal
2026-03-02,campi_flegrei,0,0.1126,0.80,2,all_normal
2026-03-02,kaikoura,0,0.1034,0.80,2,all_normal
2026-03-02,anchorage,1,0.4097,0.75,2,mostly_elevated
2026-03-02,kumamoto,0,0.1771,0.80,2,all_normal
2026-03-02,hualien,0,0.1383,0.50,1,single_method
2026-03-02,mexico_guerrero,0,0.0389,0.80,2,all_normal
2026-03-03,ridgecrest,1,0.3292,0.60,3,mixed
2026-03-03,socal_saf_mojave,1,0.3581,0.60,3,mixed
2026-03-03,socal_saf_coachella,1,0.2698,0.75,2,mostly_elevated
2026-03-03,norcal_hayward,1,0.3274,0.75,2,mostly_elevated
2026-03-03,cascadia,1,0.3080,0.60,3,mixed
2026-03-03,tokyo_kanto,0,0.2416,0.60,3,mixed
2026-03-03,istanbul_marmara,0,0.1390,0.80,3,all_normal
2026-03-03,turkey_kahramanmaras,0,0.1050,0.80,2,all_normal
2026-03-03,campi_flegrei,0,0.0869,0.80,2,all_normal
2026-03-03,kaikoura,0,0.1518,0.80,2,all_normal
2026-03-03,anchorage,1,0.4109,0.75,2,mostly_elevated
2026-03-03,kumamoto,1,0.2734,0.75,2,mostly_elevated
2026-03-03,hualien,0,0.1548,0.50,1,single_method
2026-03-03,mexico_guerrero,0,0.0395,0.80,2,all_normal
2026-03-04,ridgecrest,1,0.3961,0.60,3,mixed
2026-03-04,socal_saf_mojave,1,0.4534,0.60,3,mixed
2026-03-04,socal_saf_coachella,0,0.2488,0.60,3,mixed
2026-03-04,norcal_hayward,1,0.3003,0.75,2,mostly_elevated
2026-03-04,cascadia,1,0.3075,0.60,3,mixed
2026-03-04,tokyo_kanto,1,0.2600,0.60,3,mixed
2026-03-04,istanbul_marmara,0,0.0743,0.80,3,all_normal
2026-03-04,turkey_kahramanmaras,0,0.1354,0.80,2,all_normal
2026-03-04,campi_flegrei,0,0.0668,0.80,2,all_normal
2026-03-04,kaikoura,0,0.1859,0.80,2,all_normal
2026-03-04,anchorage,1,0.3996,0.75,2,mostly_elevated
2026-03-04,kumamoto,1,0.3281,0.75,2,mostly_elevated
2026-03-04,hualien,0,0.1690,0.50,1,single_method
2026-03-04,mexico_guerrero,0,0.0385,0.80,2,all_normal
2026-03-05,ridgecrest,2,0.5496,0.75,3,mostly_elevated
2026-03-05,socal_saf_mojave,1,0.3243,0.60,3,mixed
2026-03-05,socal_saf_coachella,1,0.4385,0.75,3,mostly_elevated
2026-03-05,norcal_hayward,0,0.1946,0.80,2,all_normal
2026-03-05,cascadia,1,0.2690,0.60,3,mixed
2026-03-05,tokyo_kanto,1,0.2978,0.60,3,mixed
2026-03-05,istanbul_marmara,1,0.2527,0.60,3,mixed
2026-03-05,turkey_kahramanmaras,0,0.1790,0.80,2,all_normal
2026-03-05,campi_flegrei,1,0.3424,0.75,2,mostly_elevated
2026-03-05,kaikoura,0,0.1936,0.80,2,all_normal
2026-03-05,anchorage,1,0.3819,0.75,2,mostly_elevated
2026-03-05,kumamoto,1,0.3429,0.75,2,mostly_elevated
2026-03-05,hualien,0,0.1631,0.50,1,single_method
2026-03-05,mexico_guerrero,0,0.0387,0.80,2,all_normal
2026-03-06,ridgecrest,0,0.2308,0.80,2,all_normal
2026-03-06,socal_saf_mojave,1,0.2752,0.80,3,all_normal
2026-03-06,socal_saf_coachella,0,0.1033,0.80,2,all_normal
2026-03-06,norcal_hayward,1,0.2867,0.75,2,mostly_elevated
2026-03-06,cascadia,1,0.2602,0.75,2,mostly_elevated
2026-03-06,tokyo_kanto,0,0.0000,0.50,1,single_method
2026-03-06,istanbul_marmara,0,0.0000,0.50,1,single_method
2026-03-06,turkey_kahramanmaras,-1,0.0000,0.00,0,no_data
2026-03-06,campi_flegrei,0,0.0517,0.80,2,all_normal
2026-03-06,kaikoura,0,0.1572,0.80,2,all_normal
2026-03-06,anchorage,1,0.3618,0.75,2,mostly_elevated
2026-03-06,kumamoto,1,0.3762,0.75,2,mostly_elevated
2026-03-06,hualien,0,0.1517,0.50,1,single_method
2026-03-06,mexico_guerrero,0,0.0921,0.80,2,all_normal
2026-03-07,ridgecrest,1,0.4531,0.60,3,mixed
2026-03-07,socal_saf_mojave,1,0.4046,0.60,3,mixed
2026-03-07,socal_saf_coachella,0,0.2163,0.80,3,all_normal
2026-03-07,norcal_hayward,0,0.1887,0.80,2,all_normal
2026-03-07,cascadia,0,0.1857,0.80,3,all_normal
2026-03-07,tokyo_kanto,1,0.3250,0.60,3,mixed
2026-03-07,istanbul_marmara,0,0.0857,0.80,3,all_normal
2026-03-07,turkey_kahramanmaras,0,0.1297,0.80,2,all_normal
2026-03-07,campi_flegrei,0,0.0000,0.50,1,single_method
2026-03-07,kaikoura,0,0.1504,0.80,2,all_normal
2026-03-07,anchorage,1,0.3010,0.75,2,mostly_elevated
2026-03-07,kumamoto,1,0.3915,0.75,2,mostly_elevated
2026-03-07,hualien,0,0.1492,0.50,1,single_method
2026-03-07,mexico_guerrero,1,0.4132,0.75,2,mostly_elevated
2026-03-08,ridgecrest,0,0.1908,0.80,3,all_normal
2026-03-08,socal_saf_mojave,0,0.2194,0.80,3,all_normal
2026-03-08,socal_saf_coachella,0,0.0885,0.80,3,all_normal
2026-03-08,norcal_hayward,0,0.1248,0.80,2,all_normal
2026-03-08,cascadia,0,0.1028,0.80,3,all_normal
2026-03-08,tokyo_kanto,1,0.3127,0.60,3,mixed
2026-03-08,istanbul_marmara,1,0.2563,0.60,3,mixed
2026-03-08,turkey_kahramanmaras,1,0.2879,0.80,2,all_normal
2026-03-08,campi_flegrei,1,0.3534,0.75,2,mostly_elevated
2026-03-08,kaikoura,0,0.1296,0.80,2,all_normal
2026-03-08,anchorage,0,0.1391,0.80,2,all_normal
2026-03-08,kumamoto,1,0.3953,0.75,2,mostly_elevated
2026-03-08,hualien,0,0.1357,0.50,1,single_method
2026-03-08,mexico_guerrero,1,0.4286,0.75,2,mostly_elevated
2026-03-09,ridgecrest,0,0.2393,0.80,3,all_normal
2026-03-09,socal_saf_mojave,1,0.2870,0.80,3,all_normal
2026-03-09,socal_saf_coachella,0,0.0958,0.80,3,all_normal
2026-03-09,norcal_hayward,0,0.0357,0.80,2,all_normal
2026-03-09,cascadia,0,0.0549,0.80,3,all_normal
2026-03-09,tokyo_kanto,1,0.3676,0.60,3,mixed
2026-03-09,istanbul_marmara,1,0.2910,0.60,3,mixed
2026-03-09,turkey_kahramanmaras,1,0.2638,0.80,2,all_normal
2026-03-09,campi_flegrei,1,0.2713,0.75,2,mostly_elevated
2026-03-09,kaikoura,0,0.0996,0.80,2,all_normal
2026-03-09,anchorage,0,0.0266,0.80,2,all_normal
2026-03-09,kumamoto,1,0.3711,0.75,2,mostly_elevated
2026-03-09,hualien,0,0.1244,0.50,1,single_method
2026-03-09,mexico_guerrero,0,0.0586,0.80,2,all_normal
2026-03-10,ridgecrest,0,0.1411,0.80,3,all_normal
2026-03-10,socal_saf_mojave,0,0.1734,0.80,3,all_normal
2026-03-10,socal_saf_coachella,0,0.0374,0.80,3,all_normal
2026-03-10,norcal_hayward,0,0.0195,0.80,2,all_normal
2026-03-10,cascadia,0,0.0388,0.80,3,all_normal
2026-03-10,tokyo_kanto,1,0.3424,0.60,3,mixed
2026-03-10,istanbul_marmara,0,0.2137,0.60,3,mixed
2026-03-10,turkey_kahramanmaras,0,0.1617,0.80,2,all_normal
2026-03-10,campi_flegrei,1,0.3545,0.75,2,mostly_elevated
2026-03-10,kaikoura,0,0.0386,0.80,2,all_normal
2026-03-10,anchorage,0,0.0158,0.80,2,all_normal
2026-03-10,kumamoto,1,0.4149,0.75,2,mostly_elevated
2026-03-10,hualien,0,0.0802,0.50,1,single_method
2026-03-10,mexico_guerrero,0,0.0312,0.80,2,all_normal
2026-03-11,ridgecrest,0,0.0580,0.80,3,all_normal
2026-03-11,socal_saf_mojave,0,0.1013,0.80,3,all_normal
2026-03-11,socal_saf_coachella,0,0.0342,0.80,3,all_normal
2026-03-11,norcal_hayward,0,0.0000,0.80,2,all_normal
2026-03-11,cascadia,0,0.0293,0.80,3,all_normal
2026-03-11,tokyo_kanto,1,0.2625,0.60,3,mixed
2026-03-11,istanbul_marmara,0,0.0200,0.80,3,all_normal
2026-03-11,turkey_kahramanmaras,0,0.0547,0.80,2,all_normal
2026-03-11,campi_flegrei,0,0.0642,0.80,2,all_normal
2026-03-11,kaikoura,0,0.0144,0.80,2,all_normal
2026-03-11,anchorage,0,0.0000,0.80,2,all_normal
2026-03-11,kumamoto,1,0.3348,0.75,2,mostly_elevated
2026-03-11,hualien,0,0.0112,0.50,1,single_method
2026-03-11,mexico_guerrero,1,0.2625,0.80,2,all_normal
2026-03-12,ridgecrest,0,0.0867,0.80,3,all_normal
2026-03-12,socal_saf_mojave,0,0.1221,0.80,3,all_normal
2026-03-12,socal_saf_coachella,0,0.0496,0.80,3,all_normal
2026-03-12,norcal_hayward,0,0.0095,0.80,2,all_normal
2026-03-12,cascadia,0,0.0285,0.80,3,all_normal
2026-03-12,tokyo_kanto,0,0.0315,0.80,3,all_normal
2026-03-12,istanbul_marmara,0,0.0242,0.80,3,all_normal
2026-03-12,turkey_kahramanmaras,0,0.0425,0.80,2,all_normal
2026-03-12,campi_flegrei,0,0.0708,0.80,2,all_normal
2026-03-12,kaikoura,0,0.0121,0.80,2,all_normal
2026-03-12,anchorage,0,0.0000,0.80,2,all_normal
2026-03-12,kumamoto,0,0.0000,0.80,2,all_normal
2026-03-12,hualien,0,0.0000,0.50,1,single_method
2026-03-12,mexico_guerrero,0,0.1970,0.80,2,all_normal
2026-03-13,ridgecrest,1,0.3251,0.60,3,mixed
2026-03-13,socal_saf_mojave,1,0.3586,0.60,3,mixed
2026-03-13,socal_saf_coachella,1,0.3029,0.60,3,mixed
2026-03-13,norcal_hayward,1,0.3647,0.75,2,mostly_elevated
2026-03-13,cascadia,0,0.1317,0.80,3,all_normal
2026-03-13,tokyo_kanto,0,0.0436,0.80,3,all_normal
2026-03-13,istanbul_marmara,0,0.1676,0.60,3,mixed
2026-03-13,turkey_kahramanmaras,1,0.3046,0.75,2,mostly_elevated
2026-03-13,campi_flegrei,0,0.0858,0.80,2,all_normal
2026-03-13,kaikoura,0,0.0293,0.80,2,all_normal
2026-03-13,anchorage,0,0.0591,0.80,2,all_normal
2026-03-13,kumamoto,0,0.0215,0.80,2,all_normal
2026-03-13,hualien,0,0.0072,0.50,1,single_method
2026-03-13,mexico_guerrero,0,0.1918,0.80,2,all_normal
2026-03-14,ridgecrest,1,0.3686,0.60,3,mixed
2026-03-14,socal_saf_mojave,1,0.4085,0.60,3,mixed
2026-03-14,socal_saf_coachella,1,0.3374,0.60,3,mixed
2026-03-14,norcal_hayward,1,0.4286,0.75,2,mostly_elevated
2026-03-14,cascadia,1,0.3390,0.60,3,mixed
2026-03-14,tokyo_kanto,0,0.0652,0.80,3,all_normal
2026-03-14,istanbul_marmara,0,0.0669,0.80,3,all_normal
2026-03-14,turkey_kahramanmaras,0,0.1474,0.80,2,all_normal
2026-03-14,campi_flegrei,0,0.2338,0.75,2,mostly_elevated
2026-03-14,kaikoura,0,0.0542,0.80,2,all_normal
2026-03-14,anchorage,1,0.3763,0.75,2,mostly_elevated
2026-03-14,kumamoto,0,0.0512,0.80,2,all_normal
2026-03-14,hualien,0,0.0376,0.50,1,single_method
2026-03-14,mexico_guerrero,0,0.1970,0.80,2,all_normal
2026-03-15,ridgecrest,1,0.3913,0.75,2,mostly_elevated
2026-03-15,socal_saf_mojave,1,0.4537,0.75,2,mostly_elevated
2026-03-15,socal_saf_coachella,1,0.2863,0.60,3,mixed
2026-03-15,norcal_hayward,1,0.3819,0.75,2,mostly_elevated
2026-03-15,cascadia,1,0.3221,0.60,3,mixed
2026-03-15,tokyo_kanto,0,0.0907,0.80,3,all_normal
2026-03-15,istanbul_marmara,0,0.0440,0.80,3,all_normal
2026-03-15,turkey_kahramanmaras,0,0.0691,0.80,2,all_normal
2026-03-15,campi_flegrei,0,0.0653,0.80,2,all_normal
2026-03-15,kaikoura,0,0.1054,0.80,2,all_normal
2026-03-15,anchorage,1,0.4286,0.75,2,mostly_elevated
2026-03-15,kumamoto,0,0.0873,0.80,2,all_normal
2026-03-15,hualien,0,0.0613,0.50,1,single_method
2026-03-15,mexico_guerrero,0,0.2125,0.80,2,all_normal
2026-03-16,ridgecrest,1,0.2929,0.60,3,mixed
2026-03-16,socal_saf_mojave,1,0.3333,0.60,3,mixed
2026-03-16,socal_saf_coachella,1,0.2676,0.60,3,mixed
2026-03-16,norcal_hayward,1,0.3215,0.75,2,mostly_elevated
2026-03-16,cascadia,1,0.2906,0.60,3,mixed
2026-03-16,tokyo_kanto,0,0.1205,0.80,3,all_normal
2026-03-16,istanbul_marmara,0,0.0727,0.80,3,all_normal
2026-03-16,turkey_kahramanmaras,0,0.0733,0.80,2,all_normal
2026-03-16,campi_flegrei,0,0.0716,0.80,2,all_normal
2026-03-16,kaikoura,0,0.1338,0.80,2,all_normal
2026-03-16,anchorage,1,0.4286,0.75,2,mostly_elevated
2026-03-16,kumamoto,0,0.1317,0.80,2,all_normal
2026-03-16,hualien,0,0.1043,0.50,1,single_method
2026-03-16,mexico_guerrero,0,0.2011,0.80,2,all_normal
2026-03-17,hualien,0,0.1359,0.50,1,single_method
2026-03-18,ridgecrest,0,0.1701,0.80,3,all_normal
2026-03-18,socal_saf_mojave,0,0.1993,0.80,3,all_normal
2026-03-18,socal_saf_coachella,0,0.1617,0.80,3,all_normal
2026-03-18,norcal_hayward,1,0.2716,0.75,2,mostly_elevated
2026-03-18,cascadia,1,0.2657,0.60,3,mixed
2026-03-18,tokyo_kanto,0,0.2154,0.60,3,mixed
2026-03-18,istanbul_marmara,0,0.0480,0.80,3,all_normal
2026-03-18,turkey_kahramanmaras,0,0.0682,0.80,2,all_normal
2026-03-18,campi_flegrei,0,0.0550,0.80,2,all_normal
2026-03-18,kaikoura,0,0.1367,0.80,2,all_normal
2026-03-18,anchorage,1,0.4286,0.75,2,mostly_elevated
2026-03-18,kumamoto,1,0.2689,0.75,2,mostly_elevated
2026-03-18,hualien,0,0.1612,0.50,1,single_method
2026-03-18,mexico_guerrero,0,0.2389,0.80,2,all_normal
2026-03-19,ridgecrest,0,0.1548,0.80,3,all_normal
2026-03-19,socal_saf_mojave,0,0.1828,0.80,3,all_normal
2026-03-19,socal_saf_coachella,0,0.1461,0.80,3,all_normal
2026-03-19,norcal_hayward,1,0.2635,0.75,2,mostly_elevated
2026-03-19,cascadia,1,0.2650,0.60,3,mixed
2026-03-19,tokyo_kanto,1,0.2625,0.60,3,mixed
2026-03-19,istanbul_marmara,0,0.0720,0.80,3,all_normal
2026-03-19,turkey_kahramanmaras,0,0.0775,0.80,2,all_normal
2026-03-19,campi_flegrei,0,0.0626,0.80,2,all_normal
2026-03-19,kaikoura,0,0.1344,0.80,2,all_normal
2026-03-19,anchorage,1,0.4286,0.75,2,mostly_elevated
2026-03-19,kumamoto,1,0.3341,0.75,2,mostly_elevated
2026-03-19,hualien,1,0.9496,0.50,1,single_method
2026-03-19,mexico_guerrero,0,0.2088,0.80,2,all_normal
2026-03-20,hualien,1,1.0000,0.50,1,single_method
2026-03-21,ridgecrest,0,0.2491,0.60,3,mixed
2026-03-21,socal_saf_mojave,1,0.3044,0.60,3,mixed
2026-03-21,socal_saf_coachella,0,0.1740,0.80,3,all_normal
2026-03-21,norcal_hayward,0,0.1775,0.80,2,all_normal
2026-03-21,cascadia,0,0.1657,0.80,3,all_normal
2026-03-21,tokyo_kanto,1,0.3147,0.60,3,mixed
2026-03-21,istanbul_marmara,0,0.0722,0.80,3,all_normal
2026-03-21,turkey_kahramanmaras,0,0.1016,0.80,2,all_normal
2026-03-21,campi_flegrei,1,0.3344,0.75,2,mostly_elevated
2026-03-21,kaikoura,0,0.0975,0.80,2,all_normal
2026-03-21,anchorage,1,0.2894,0.75,2,mostly_elevated
2026-03-21,kumamoto,1,0.3849,0.75,2,mostly_elevated
2026-03-21,hualien,0,0.1485,0.50,1,single_method
2026-03-21,mexico_guerrero,0,0.2127,0.80,2,all_normal
2026-03-22,ridgecrest,1,0.3381,0.60,3,mixed
2026-03-22,socal_saf_mojave,1,0.3757,0.60,3,mixed
2026-03-22,socal_saf_coachella,0,0.0871,0.80,3,all_normal
2026-03-22,norcal_hayward,0,0.0806,0.80,2,all_normal
2026-03-22,cascadia,1,0.3280,0.60,3,mixed
2026-03-22,tokyo_kanto,1,0.3301,0.60,3,mixed
2026-03-22,istanbul_marmara,1,0.2835,0.60,3,mixed
2026-03-22,turkey_kahramanmaras,0,0.1622,0.80,2,all_normal
2026-03-22,campi_flegrei,1,0.3916,0.75,2,mostly_elevated
2026-03-22,kaikoura,0,0.0699,0.80,2,all_normal
2026-03-22,anchorage,0,0.1430,0.80,2,all_normal
2026-03-22,kumamoto,1,0.3986,0.75,2,mostly_elevated
2026-03-22,hualien,0,0.1367,0.50,1,single_method
2026-03-22,mexico_guerrero,0,0.2339,0.80,2,all_normal
2026-03-23,ridgecrest,1,0.3211,0.60,3,mixed
2026-03-23,socal_saf_mojave,1,0.3104,0.60,3,mixed
2026-03-23,socal_saf_coachella,1,0.2943,0.60,3,mixed
2026-03-23,norcal_hayward,0,0.0403,0.80,2,all_normal
2026-03-23,cascadia,0,0.1185,0.80,3,all_normal
2026-03-23,tokyo_kanto,1,0.3305,0.60,3,mixed
2026-03-23,istanbul_marmara,0,0.0952,0.80,3,all_normal
2026-03-23,turkey_kahramanmaras,1,0.2697,0.80,2,all_normal
2026-03-23,campi_flegrei,0,0.1077,0.80,2,all_normal
2026-03-23,kaikoura,0,0.0381,0.80,2,all_normal
2026-03-23,anchorage,0,0.0555,0.80,2,all_normal
2026-03-23,kumamoto,1,0.4054,0.75,2,mostly_elevated
2026-03-23,hualien,0,0.1173,0.50,1,single_method
2026-03-23,mexico_guerrero,0,0.2493,0.80,2,all_normal
2026-03-24,ridgecrest,1,0.3005,0.60,3,mixed
2026-03-24,socal_saf_mojave,1,0.3091,0.60,3,mixed
2026-03-24,socal_saf_coachella,1,0.2781,0.60,3,mixed
2026-03-24,norcal_hayward,0,0.0245,0.80,2,all_normal
2026-03-24,cascadia,0,0.2321,0.60,3,mixed
2026-03-24,tokyo_kanto,1,0.3646,0.60,3,mixed
2026-03-24,istanbul_marmara,0,0.0457,0.80,3,all_normal
2026-03-24,turkey_kahramanmaras,1,0.3183,0.75,2,mostly_elevated
2026-03-24,campi_flegrei,1,0.3991,0.75,2,mostly_elevated
2026-03-24,kaikoura,0,0.0268,0.80,2,all_normal
2026-03-24,anchorage,0,0.0250,0.80,2,all_normal
2026-03-24,kumamoto,1,0.4249,0.75,2,mostly_elevated
2026-03-24,hualien,0,0.0884,0.50,1,single_method
2026-03-24,mexico_guerrero,0,0.2211,0.80,2,all_normal
2026-03-25,ridgecrest,0,0.0995,0.80,3,all_normal
2026-03-25,socal_saf_mojave,0,0.1676,0.80,3,all_normal
2026-03-25,socal_saf_coachella,0,0.0751,0.80,3,all_normal
2026-03-25,norcal_hayward,0,0.0000,0.80,2,all_normal
2026-03-25,cascadia,0,0.0803,0.80,3,all_normal
2026-03-25,tokyo_kanto,1,0.3342,0.60,3,mixed
2026-03-25,istanbul_marmara,0,0.0424,0.80,3,all_normal
2026-03-25,turkey_kahramanmaras,0,0.1408,0.80,2,all_normal
2026-03-25,campi_flegrei,0,0.0813,0.80,2,all_normal
2026-03-25,kaikoura,0,0.0124,0.80,2,all_normal
2026-03-25,anchorage,0,0.0051,0.80,2,all_normal
2026-03-25,kumamoto,1,0.4286,0.75,2,mostly_elevated
2026-03-25,hualien,0,0.0368,0.50,1,single_method
2026-03-25,mexico_guerrero,0,0.2365,0.80,2,all_normal
2026-03-26,ridgecrest,0,0.0382,0.80,3,all_normal
2026-03-26,socal_saf_mojave,0,0.0696,0.80,3,all_normal
2026-03-26,socal_saf_coachella,0,0.0312,0.80,3,all_normal
2026-03-26,norcal_hayward,0,0.0027,0.80,2,all_normal
2026-03-26,cascadia,0,0.0632,0.80,3,all_normal
2026-03-26,tokyo_kanto,1,0.2609,0.60,3,mixed
2026-03-26,istanbul_marmara,0,0.2029,0.60,3,mixed
2026-03-26,turkey_kahramanmaras,0,0.0761,0.80,2,all_normal
2026-03-26,campi_flegrei,0,0.0940,0.80,2,all_normal
2026-03-26,kaikoura,0,0.0009,0.80,2,all_normal
2026-03-26,anchorage,0,0.0014,0.80,2,all_normal
2026-03-26,kumamoto,1,0.3238,0.75,2,mostly_elevated
2026-03-26,hualien,0,0.0044,0.50,1,single_method
2026-03-26,mexico_guerrero,0,0.1954,0.80,2,all_normal
2026-03-27,ridgecrest,1,0.4490,0.75,3,mostly_elevated
2026-03-27,socal_saf_mojave,2,0.5086,0.75,3,mostly_elevated
2026-03-27,socal_saf_coachella,1,0.4384,0.75,3,mostly_elevated
2026-03-27,norcal_hayward,1,0.3768,0.75,2,mostly_elevated
2026-03-27,cascadia,1,0.3014,0.60,3,mixed
2026-03-27,tokyo_kanto,0,0.1999,0.60,3,mixed
2026-03-27,istanbul_marmara,1,0.2559,0.60,3,mixed
2026-03-27,turkey_kahramanmaras,1,0.3615,0.75,2,mostly_elevated
2026-03-27,campi_flegrei,0,0.0953,0.80,2,all_normal
2026-03-27,kaikoura,0,0.0202,0.80,2,all_normal
2026-03-27,anchorage,0,0.1898,0.80,2,all_normal
2026-03-27,kumamoto,0,0.0406,0.80,2,all_normal
2026-03-27,hualien,0,0.0164,0.50,1,single_method
2026-03-27,mexico_guerrero,0,0.1736,0.80,2,all_normal
2026-03-28,ridgecrest,1,0.3360,0.60,3,mixed
2026-03-28,socal_saf_mojave,1,0.3812,0.60,3,mixed
2026-03-28,socal_saf_coachella,1,0.3308,0.60,3,mixed
2026-03-28,norcal_hayward,1,0.3341,0.75,2,mostly_elevated
2026-03-28,cascadia,1,0.3150,0.60,3,mixed
2026-03-28,tokyo_kanto,0,0.0646,0.80,3,all_normal
2026-03-28,istanbul_marmara,0,0.0426,0.80,3,all_normal
2026-03-28,turkey_kahramanmaras,0,0.0504,0.80,2,all_normal
2026-03-28,campi_flegrei,0,0.0904,0.80,2,all_normal
2026-03-28,kaikoura,0,0.0458,0.80,2,all_normal
2026-03-28,anchorage,1,0.4286,0.75,2,mostly_elevated
2026-03-28,kumamoto,0,0.0530,0.80,2,all_normal
2026-03-28,hualien,0,0.0471,0.50,1,single_method
2026-03-28,mexico_guerrero,0,0.1779,0.80,2,all_normal
2026-03-29,ridgecrest,1,0.2857,0.60,3,mixed
2026-03-29,socal_saf_mojave,1,0.3258,0.60,3,mixed
2026-03-29,socal_saf_coachella,1,0.2764,0.60,3,mixed
2026-03-29,norcal_hayward,0,0.2400,0.75,2,mostly_elevated
2026-03-29,cascadia,1,0.2759,0.60,3,mixed
2026-03-29,tokyo_kanto,0,0.0873,0.80,3,all_normal
2026-03-29,istanbul_marmara,0,0.0512,0.80,3,all_normal
2026-03-29,turkey_kahramanmaras,0,0.0784,0.80,2,all_normal
2026-03-29,campi_flegrei,0,0.0716,0.80,2,all_normal
2026-03-29,kaikoura,0,0.0954,0.80,2,all_normal
2026-03-29,anchorage,1,0.4286,0.75,2,mostly_elevated
2026-03-29,kumamoto,0,0.0860,0.80,2,all_normal
2026-03-29,hualien,0,0.1358,0.50,1,single_method
2026-03-29,mexico_guerrero,0,0.1878,0.80,2,all_normal
2026-03-30,ridgecrest,0,0.1854,0.80,3,all_normal
2026-03-30,socal_saf_mojave,0,0.2276,0.80,3,all_normal
2026-03-30,socal_saf_coachella,0,0.1796,0.80,3,all_normal
2026-03-30,norcal_hayward,0,0.1847,0.80,2,all_normal
2026-03-30,cascadia,1,0.2787,0.60,3,mixed
2026-03-30,tokyo_kanto,0,0.1388,0.80,3,all_normal
2026-03-30,istanbul_marmara,0,0.0429,0.80,3,all_normal
2026-03-30,turkey_kahramanmaras,0,0.0763,0.80,2,all_normal
2026-03-30,campi_flegrei,0,0.0695,0.80,2,all_normal
2026-03-30,kaikoura,0,0.1339,0.80,2,all_normal
2026-03-30,anchorage,1,0.4286,0.75,2,mostly_elevated
2026-03-30,kumamoto,0,0.1537,0.80,2,all_normal
2026-03-30,hualien,0,0.2014,0.50,1,single_method
2026-03-30,mexico_guerrero,0,0.1869,0.80,2,all_normal
2026-03-31,ridgecrest,1,0.3494,0.60,3,mixed
2026-03-31,socal_saf_mojave,1,0.3408,0.60,3,mixed
2026-03-31,socal_saf_coachella,1,0.3508,0.60,3,mixed
2026-03-31,norcal_hayward,0,0.1653,0.80,2,all_normal
2026-03-31,cascadia,1,0.4015,0.75,3,mostly_elevated
2026-03-31,tokyo_kanto,0,0.2457,0.60,3,mixed
2026-03-31,istanbul_marmara,1,0.2741,0.60,3,mixed
2026-03-31,turkey_kahramanmaras,1,0.3574,0.75,2,mostly_elevated
2026-03-31,campi_flegrei,1,0.3755,0.75,2,mostly_elevated
2026-03-31,kaikoura,0,0.1456,0.80,2,all_normal
2026-03-31,anchorage,1,0.4254,0.75,2,mostly_elevated
2026-03-31,kumamoto,1,0.3891,0.75,2,mostly_elevated
2026-03-31,hualien,0,0.2230,0.50,1,single_method
2026-03-31,mexico_guerrero,0,0.1707,0.80,2,all_normal
2026-04-01,ridgecrest,0,0.0923,0.80,3,all_normal
2026-04-01,socal_saf_mojave,0,0.0786,0.80,3,all_normal
2026-04-01,socal_saf_coachella,0,0.0916,0.80,3,all_normal
2026-04-01,norcal_hayward,0,0.1575,0.80,2,all_normal
2026-04-01,cascadia,0,0.2123,0.60,3,mixed
2026-04-01,tokyo_kanto,1,0.2740,0.60,3,mixed
2026-04-01,istanbul_marmara,0,0.0605,0.80,3,all_normal
2026-04-01,turkey_kahramanmaras,0,0.1075,0.80,2,all_normal
2026-04-01,campi_flegrei,0,0.0696,0.80,2,all_normal
2026-04-01,kaikoura,0,0.1541,0.80,2,all_normal
2026-04-01,anchorage,1,0.4043,0.75,2,mostly_elevated
2026-04-01,kumamoto,1,0.4718,0.75,2,mostly_elevated
2026-04-01,hualien,0,0.2498,0.50,1,single_method
2026-04-01,mexico_guerrero,0,0.0246,0.80,2,all_normal
2026-04-02,ridgecrest,1,0.3353,0.60,3,mixed
2026-04-02,socal_saf_mojave,1,0.2830,0.60,3,mixed
2026-04-02,socal_saf_coachella,1,0.3271,0.60,3,mixed
2026-04-02,norcal_hayward,0,0.1407,0.80,2,all_normal
2026-04-02,cascadia,1,0.3443,0.60,3,mixed
2026-04-02,tokyo_kanto,1,0.4199,0.75,3,mostly_elevated
2026-04-02,istanbul_marmara,1,0.3176,0.60,3,mixed
2026-04-02,turkey_kahramanmaras,1,0.4739,0.75,2,mostly_elevated
2026-04-02,campi_flegrei,1,0.3893,0.75,2,mostly_elevated
2026-04-02,kaikoura,0,0.1333,0.80,2,all_normal
2026-04-02,anchorage,1,0.3495,0.75,2,mostly_elevated
2026-04-02,kumamoto,2,0.5097,0.75,2,mostly_elevated
2026-04-02,hualien,0,0.2407,0.50,1,single_method
2026-04-02,mexico_guerrero,0,0.0350,0.80,2,all_normal
2026-04-03,ridgecrest,0,0.1312,0.80,3,all_normal
2026-04-03,socal_saf_mojave,0,0.1110,0.80,3,all_normal
2026-04-03,socal_saf_coachella,0,0.1163,0.80,3,all_normal
2026-04-03,norcal_hayward,0,0.1415,0.80,2,all_normal
2026-04-03,cascadia,0,0.1474,0.80,3,all_normal
2026-04-03,tokyo_kanto,1,0.3257,0.60,3,mixed
2026-04-03,istanbul_marmara,0,0.0925,0.80,3,all_normal
2026-04-03,turkey_kahramanmaras,0,0.1217,0.80,2,all_normal
2026-04-03,campi_flegrei,0,0.0541,0.80,2,all_normal
2026-04-03,kaikoura,0,0.1071,0.80,2,all_normal
2026-04-03,anchorage,1,0.3064,0.75,2,mostly_elevated
2026-04-03,kumamoto,2,0.5469,0.75,2,mostly_elevated
2026-04-03,hualien,0,0.1975,0.50,1,single_method
2026-04-03,mexico_guerrero,0,0.0401,0.80,2,all_normal
2026-04-04,ridgecrest,0,0.0940,0.80,3,all_normal
2026-04-04,socal_saf_mojave,0,0.0921,0.80,3,all_normal
2026-04-04,socal_saf_coachella,0,0.1057,0.80,3,all_normal
2026-04-04,norcal_hayward,0,0.1091,0.80,2,all_normal
2026-04-04,cascadia,0,0.1172,0.80,3,all_normal
2026-04-04,tokyo_kanto,1,0.3270,0.60,3,mixed
2026-04-04,istanbul_marmara,0,0.1094,0.80,3,all_normal
2026-04-04,turkey_kahramanmaras,0,0.1582,0.80,2,all_normal
2026-04-04,campi_flegrei,0,0.0698,0.80,2,all_normal
2026-04-04,kaikoura,0,0.0963,0.80,2,all_normal
2026-04-04,anchorage,0,0.1880,0.80,2,all_normal
2026-04-04,kumamoto,2,0.5653,0.75,2,mostly_elevated
2026-04-04,hualien,0,0.1721,0.50,1,single_method
2026-04-04,mexico_guerrero,0,0.0517,0.80,2,all_normal
2026-04-05,ridgecrest,0,0.1012,0.80,3,all_normal
2026-04-05,socal_saf_mojave,0,0.0927,0.80,3,all_normal
2026-04-05,socal_saf_coachella,0,0.0825,0.80,3,all_normal
2026-04-05,norcal_hayward,0,0.0975,0.80,2,all_normal
2026-04-05,cascadia,0,0.0949,0.80,3,all_normal
2026-04-05,tokyo_kanto,1,0.3358,0.60,3,mixed
2026-04-05,istanbul_marmara,0,0.0495,0.80,3,all_normal
2026-04-05,turkey_kahramanmaras,0,0.0974,0.80,2,all_normal
2026-04-05,campi_flegrei,0,0.0688,0.80,2,all_normal
2026-04-05,kaikoura,0,0.0835,0.80,2,all_normal
2026-04-05,anchorage,0,0.0803,0.80,2,all_normal
2026-04-05,kumamoto,2,0.5653,0.75,2,mostly_elevated
2026-04-05,hualien,0,0.1462,0.50,1,single_method
2026-04-05,mexico_guerrero,0,0.0399,0.80,2,all_normal
2026-04-06,ridgecrest,0,0.0649,0.80,3,all_normal
2026-04-06,socal_saf_mojave,0,0.0647,0.80,3,all_normal
2026-04-06,socal_saf_coachella,0,0.0661,0.80,3,all_normal
2026-04-06,norcal_hayward,0,0.0524,0.80,2,all_normal
2026-04-06,cascadia,0,0.0583,0.80,3,all_normal
2026-04-06,tokyo_kanto,1,0.3332,0.60,3,mixed
2026-04-06,istanbul_marmara,0,0.0618,0.80,3,all_normal
2026-04-06,turkey_kahramanmaras,0,0.0688,0.80,2,all_normal
2026-04-06,campi_flegrei,0,0.0761,0.80,2,all_normal
2026-04-06,kaikoura,0,0.0575,0.80,2,all_normal
2026-04-06,anchorage,0,0.0394,0.80,2,all_normal
2026-04-06,kumamoto,1,0.4286,0.75,2,mostly_elevated
2026-04-06,hualien,0,0.1138,0.50,1,single_method
2026-04-06,mexico_guerrero,0,0.0393,0.80,2,all_normal
2026-04-07,ridgecrest,0,0.0558,0.80,3,all_normal
2026-04-07,socal_saf_mojave,0,0.0486,0.80,3,all_normal
2026-04-07,socal_saf_coachella,0,0.0507,0.80,3,all_normal
2026-04-07,norcal_hayward,0,0.0341,0.80,2,all_normal
2026-04-07,cascadia,0,0.0577,0.80,3,all_normal
2026-04-07,tokyo_kanto,1,0.3318,0.60,3,mixed
2026-04-07,istanbul_marmara,0,0.0488,0.80,3,all_normal
2026-04-07,turkey_kahramanmaras,0,0.0863,0.80,2,all_normal
2026-04-07,campi_flegrei,0,0.1024,0.80,2,all_normal
2026-04-07,kaikoura,0,0.0421,0.80,2,all_normal
2026-04-07,anchorage,0,0.0216,0.80,2,all_normal
2026-04-07,kumamoto,1,0.4286,0.75,2,mostly_elevated
2026-04-07,hualien,0,0.0716,0.50,1,single_method
2026-04-07,mexico_guerrero,0,0.0417,0.80,2,all_normal
2026-04-08,ridgecrest,0,0.0327,0.80,3,all_normal
2026-04-08,socal_saf_mojave,0,0.0197,0.80,3,all_normal
2026-04-08,socal_saf_coachella,0,0.0332,0.80,3,all_normal
2026-04-08,norcal_hayward,0,0.0131,0.80,2,all_normal
2026-04-08,cascadia,0,0.0322,0.80,3,all_normal
2026-04-08,tokyo_kanto,1,0.3352,0.60,3,mixed
2026-04-08,istanbul_marmara,0,0.0313,0.80,3,all_normal
2026-04-08,turkey_kahramanmaras,0,0.0498,0.80,2,all_normal
2026-04-08,campi_flegrei,0,0.0741,0.80,2,all_normal
2026-04-08,kaikoura,0,0.0322,0.80,2,all_normal
2026-04-08,anchorage,0,0.0060,0.80,2,all_normal
2026-04-08,kumamoto,1,0.4286,0.75,2,mostly_elevated
2026-04-08,hualien,0,0.0404,0.50,1,single_method
2026-04-08,mexico_guerrero,0,0.0400,0.80,2,all_normal
2026-04-09,ridgecrest,0,0.0336,0.80,3,all_normal
2026-04-09,socal_saf_mojave,0,0.0259,0.80,3,all_normal
2026-04-09,socal_saf_coachella,0,0.0333,0.80,3,all_normal
2026-04-09,norcal_hayward,0,0.0038,0.80,2,all_normal
2026-04-09,cascadia,0,0.0308,0.80,3,all_normal
2026-04-09,tokyo_kanto,1,0.3357,0.60,3,mixed
2026-04-09,istanbul_marmara,0,0.0826,0.80,3,all_normal
2026-04-09,turkey_kahramanmaras,0,0.1852,0.80,2,all_normal
2026-04-09,campi_flegrei,0,0.1060,0.80,2,all_normal
2026-04-09,kaikoura,0,0.0167,0.80,2,all_normal
2026-04-09,anchorage,0,0.0000,0.80,2,all_normal
2026-04-09,kumamoto,1,0.4286,0.75,2,mostly_elevated
2026-04-09,hualien,0,0.0084,0.50,1,single_method
2026-04-09,mexico_guerrero,1,0.4286,0.75,2,mostly_elevated
2026-04-10,ridgecrest,0,0.0285,0.80,3,all_normal
2026-04-10,socal_saf_mojave,0,0.0151,0.80,3,all_normal
2026-04-10,socal_saf_coachella,0,0.0283,0.80,3,all_normal
2026-04-10,norcal_hayward,0,0.0149,0.80,2,all_normal
2026-04-10,cascadia,0,0.0307,0.80,3,all_normal
2026-04-10,tokyo_kanto,0,0.1272,0.80,3,all_normal
2026-04-10,istanbul_marmara,0,0.0279,0.80,3,all_normal
2026-04-10,turkey_kahramanmaras,0,0.0235,0.80,2,all_normal
2026-04-10,campi_flegrei,0,0.0642,0.80,2,all_normal
2026-04-10,kaikoura,0,0.0077,0.80,2,all_normal
2026-04-10,anchorage,0,0.0000,0.80,2,all_normal
2026-04-10,kumamoto,0,0.1357,0.80,2,all_normal
2026-04-10,hualien,0,0.0000,0.50,1,single_method
2026-04-10,mexico_guerrero,0,0.2397,0.75,2,mostly_elevated
2026-04-11,ridgecrest,1,0.2649,0.60,3,mixed
2026-04-11,socal_saf_mojave,1,0.2551,0.60,3,mixed
2026-04-11,socal_saf_coachella,1,0.2658,0.60,3,mixed
2026-04-11,norcal_hayward,0,0.2345,0.75,2,mostly_elevated
2026-04-11,cascadia,0,0.0825,0.80,3,all_normal
2026-04-11,tokyo_kanto,0,0.1059,0.80,3,all_normal
2026-04-11,istanbul_marmara,0,0.0331,0.80,3,all_normal
2026-04-11,turkey_kahramanmaras,0,0.0424,0.80,2,all_normal
2026-04-11,campi_flegrei,0,0.0706,0.80,2,all_normal
2026-04-11,kaikoura,0,0.0313,0.80,2,all_normal
2026-04-11,anchorage,0,0.0178,0.80,2,all_normal
2026-04-11,kumamoto,0,0.1111,0.80,2,all_normal
2026-04-11,hualien,0,0.0000,0.50,1,single_method
2026-04-11,mexico_guerrero,0,0.0650,0.80,2,all_normal
2026-04-12,ridgecrest,1,0.3287,0.60,3,mixed
2026-04-12,socal_saf_mojave,1,0.3178,0.60,3,mixed
2026-04-12,socal_saf_coachella,1,0.3309,0.60,3,mixed
2026-04-12,norcal_hayward,1,0.3594,0.75,2,mostly_elevated
2026-04-12,cascadia,1,0.3122,0.60,3,mixed
2026-04-12,tokyo_kanto,0,0.1349,0.80,3,all_normal
2026-04-12,istanbul_marmara,0,0.2150,0.60,3,mixed
2026-04-12,turkey_kahramanmaras,0,0.0990,0.80,2,all_normal
2026-04-12,campi_flegrei,0,0.0750,0.80,2,all_normal
2026-04-12,kaikoura,0,0.0949,0.80,2,all_normal
2026-04-12,anchorage,1,0.2760,0.75,2,mostly_elevated
2026-04-12,kumamoto,0,0.1506,0.80,2,all_normal
2026-04-12,hualien,0,0.0339,0.50,1,single_method
2026-04-12,mexico_guerrero,0,0.0223,0.80,2,all_normal
2026-04-13,ridgecrest,1,0.2727,0.60,3,mixed
2026-04-13,socal_saf_mojave,1,0.2611,0.60,3,mixed
2026-04-13,socal_saf_coachella,1,0.2767,0.60,3,mixed
2026-04-13,norcal_hayward,1,0.2976,0.75,2,mostly_elevated
2026-04-13,cascadia,1,0.3012,0.60,3,mixed
2026-04-13,tokyo_kanto,0,0.1575,0.80,3,all_normal
2026-04-13,istanbul_marmara,0,0.0561,0.80,3,all_normal
2026-04-13,turkey_kahramanmaras,0,0.0753,0.80,2,all_normal
2026-04-13,campi_flegrei,1,0.2734,0.75,2,mostly_elevated
2026-04-13,kaikoura,0,0.1706,0.80,2,all_normal
2026-04-13,anchorage,1,0.4151,0.75,2,mostly_elevated
2026-04-13,kumamoto,0,0.1669,0.80,2,all_normal
2026-04-13,hualien,0,0.0868,0.50,1,single_method
2026-04-13,mexico_guerrero,0,0.0199,0.80,2,all_normal
2026-04-14,ridgecrest,1,0.4210,0.75,3,mostly_elevated
2026-04-14,socal_saf_mojave,1,0.3280,0.75,3,mostly_elevated
2026-04-14,socal_saf_coachella,1,0.4413,0.75,3,mostly_elevated
2026-04-14,norcal_hayward,0,0.2363,0.75,2,mostly_elevated
2026-04-14,cascadia,1,0.3489,0.60,3,mixed
2026-04-14,tokyo_kanto,0,0.1662,0.80,3,all_normal
2026-04-14,istanbul_marmara,0,0.0569,0.80,3,all_normal
2026-04-14,turkey_kahramanmaras,0,0.0800,0.80,2,all_normal
2026-04-14,campi_flegrei,0,0.1472,0.80,2,all_normal
2026-04-14,kaikoura,0,0.2340,0.75,2,mostly_elevated
2026-04-14,anchorage,1,0.4211,0.75,2,mostly_elevated
2026-04-14,kumamoto,0,0.1954,0.80,2,all_normal
2026-04-14,hualien,0,0.1592,0.50,1,single_method
2026-04-14,mexico_guerrero,0,0.0283,0.80,2,all_normal
2026-04-15,ridgecrest,0,0.1299,0.80,3,all_normal
2026-04-15,socal_saf_mojave,0,0.1176,0.80,3,all_normal
2026-04-15,socal_saf_coachella,0,0.1285,0.80,3,all_normal
2026-04-15,norcal_hayward,0,0.1825,0.80,2,all_normal
2026-04-15,cascadia,0,0.2074,0.60,3,mixed
2026-04-15,tokyo_kanto,0,0.1900,0.60,3,mixed
2026-04-15,istanbul_marmara,0,0.0592,0.80,3,all_normal
2026-04-15,turkey_kahramanmaras,0,0.0908,0.80,2,all_normal
2026-04-15,campi_flegrei,0,0.1783,0.80,2,all_normal
2026-04-15,kaikoura,0,0.2399,0.75,2,mostly_elevated
2026-04-15,anchorage,1,0.3867,0.75,2,mostly_elevated
2026-04-15,kumamoto,1,0.3892,0.75,2,mostly_elevated
2026-04-15,hualien,0,0.2151,0.50,1,single_method
2026-04-15,mexico_guerrero,0,0.0264,0.80,2,all_normal
2026-04-16,ridgecrest,0,0.0000,0.50,1,single_method
2026-04-16,socal_saf_mojave,0,0.0000,0.50,1,single_method
2026-04-16,socal_saf_coachella,0,0.0000,0.50,1,single_method
2026-04-16,norcal_hayward,0,0.0000,0.50,1,single_method
2026-04-16,cascadia,0,0.0000,0.50,1,single_method
2026-04-16,tokyo_kanto,0,0.0000,0.50,1,single_method
2026-04-16,istanbul_marmara,0,0.0000,0.50,1,single_method
2026-04-16,turkey_kahramanmaras,-1,0.0000,0.00,0,no_data
2026-04-16,campi_flegrei,0,0.0000,0.50,1,single_method
2026-04-16,kaikoura,-1,0.0000,0.00,0,no_data
2026-04-16,anchorage,0,0.0000,0.50,1,single_method
2026-04-16,kumamoto,1,0.2737,0.50,1,single_method
2026-04-16,hualien,0,0.2483,0.50,1,single_method
2026-04-16,mexico_guerrero,0,0.0000,0.50,1,single_method
2026-04-17,ridgecrest,1,0.3261,0.60,3,mixed
2026-04-17,socal_saf_mojave,1,0.3043,0.60,3,mixed
2026-04-17,socal_saf_coachella,1,0.3061,0.60,3,mixed
2026-04-17,norcal_hayward,0,0.1396,0.80,2,all_normal
2026-04-17,cascadia,0,0.2053,0.80,3,all_normal
2026-04-17,tokyo_kanto,1,0.2739,0.60,3,mixed
2026-04-17,istanbul_marmara,0,0.0888,0.80,3,all_normal
2026-04-17,turkey_kahramanmaras,0,0.2116,0.80,2,all_normal
2026-04-17,campi_flegrei,0,0.1337,0.80,2,all_normal
2026-04-17,kaikoura,0,0.1430,0.80,2,all_normal
2026-04-17,anchorage,1,0.2932,0.75,2,mostly_elevated
2026-04-17,kumamoto,2,0.5045,0.75,2,mostly_elevated
2026-04-17,hualien,0,0.2424,0.50,1,single_method
2026-04-17,mexico_guerrero,0,0.0415,0.80,2,all_normal
2026-04-18,ridgecrest,0,0.0746,0.80,3,all_normal
2026-04-18,socal_saf_mojave,0,0.0666,0.80,3,all_normal
2026-04-18,socal_saf_coachella,0,0.0736,0.80,3,all_normal
2026-04-18,norcal_hayward,0,0.0936,0.80,2,all_normal
2026-04-18,cascadia,0,0.1157,0.80,3,all_normal
2026-04-18,tokyo_kanto,1,0.3182,0.60,3,mixed
2026-04-18,istanbul_marmara,0,0.0691,0.80,3,all_normal
2026-04-18,turkey_kahramanmaras,0,0.1346,0.80,2,all_normal
2026-04-18,campi_flegrei,0,0.0543,0.80,2,all_normal
2026-04-18,kaikoura,0,0.0940,0.80,2,all_normal
2026-04-18,anchorage,0,0.1677,0.80,2,all_normal
2026-04-18,kumamoto,2,0.5477,0.75,2,mostly_elevated
2026-04-18,hualien,0,0.2056,0.50,1,single_method
2026-04-18,mexico_guerrero,0,0.1199,0.80,2,all_normal
2026-04-19,ridgecrest,1,0.3086,0.60,3,mixed
2026-04-19,socal_saf_mojave,1,0.2757,0.60,3,mixed
2026-04-19,socal_saf_coachella,1,0.2635,0.60,3,mixed
2026-04-19,norcal_hayward,0,0.0790,0.80,2,all_normal
2026-04-19,cascadia,0,0.1776,0.80,3,all_normal
2026-04-19,tokyo_kanto,1,0.4565,0.75,2,mostly_elevated
2026-04-19,istanbul_marmara,0,0.0725,0.80,3,all_normal
2026-04-19,turkey_kahramanmaras,0,0.2047,0.80,2,all_normal
2026-04-19,campi_flegrei,0,0.1001,0.80,2,all_normal
2026-04-19,kaikoura,0,0.0607,0.80,2,all_normal
2026-04-19,anchorage,0,0.0742,0.80,2,all_normal
2026-04-19,kumamoto,1,0.4286,0.75,2,mostly_elevated
2026-04-19,hualien,0,0.1573,0.50,1,single_method
2026-04-19,mexico_guerrero,0,0.0357,0.80,2,all_normal
2026-04-20,ridgecrest,1,0.3000,0.60,3,mixed
2026-04-20,socal_saf_mojave,1,0.2903,0.60,3,mixed
2026-04-20,socal_saf_coachella,1,0.2760,0.60,3,mixed
2026-04-20,norcal_hayward,0,0.0559,0.80,2,all_normal
2026-04-20,cascadia,0,0.1120,0.80,3,all_normal
2026-04-20,tokyo_kanto,1,0.3488,0.60,3,mixed
2026-04-20,istanbul_marmara,0,0.0600,0.80,3,all_normal
2026-04-20,turkey_kahramanmaras,0,0.0713,0.80,2,all_normal
2026-04-20,campi_flegrei,0,0.0843,0.80,2,all_normal
2026-04-20,kaikoura,0,0.0407,0.80,2,all_normal
2026-04-20,anchorage,0,0.0351,0.80,2,all_normal
2026-04-20,kumamoto,1,0.4286,0.75,2,mostly_elevated
2026-04-20,hualien,0,0.1083,0.50,1,single_method
2026-04-20,mexico_guerrero,1,0.4286,0.75,2,mostly_elevated
2026-04-21,ridgecrest,1,0.2779,0.60,3,mixed
2026-04-21,socal_saf_mojave,1,0.2629,0.60,3,mixed
2026-04-21,socal_saf_coachella,1,0.2742,0.60,3,mixed
2026-04-21,norcal_hayward,0,0.0303,0.80,2,all_normal
2026-04-21,cascadia,1,0.2546,0.60,3,mixed
2026-04-21,tokyo_kanto,1,0.4470,0.60,3,mixed
2026-04-21,istanbul_marmara,1,0.3082,0.60,3,mixed
2026-04-21,turkey_kahramanmaras,0,0.1365,0.80,2,all_normal
2026-04-21,campi_flegrei,1,0.4224,0.75,2,mostly_elevated
2026-04-21,kaikoura,0,0.0314,0.80,2,all_normal
2026-04-21,anchorage,0,0.0217,0.80,2,all_normal
2026-04-21,kumamoto,1,0.4286,0.75,2,mostly_elevated
2026-04-21,hualien,0,0.0611,0.50,1,single_method
2026-04-21,mexico_guerrero,1,0.4286,0.75,2,mostly_elevated
2026-04-22,ridgecrest,0,0.0357,0.80,3,all_normal
2026-04-22,socal_saf_mojave,0,0.0303,0.80,3,all_normal
2026-04-22,socal_saf_coachella,0,0.0379,0.80,3,all_normal
2026-04-22,norcal_hayward,0,0.0131,0.80,2,all_normal
2026-04-22,cascadia,0,0.0366,0.80,3,all_normal
2026-04-22,tokyo_kanto,1,0.3743,0.60,3,mixed
2026-04-22,istanbul_marmara,0,0.0443,0.80,3,all_normal
2026-04-22,turkey_kahramanmaras,0,0.0494,0.80,2,all_normal
2026-04-22,campi_flegrei,0,0.0596,0.80,2,all_normal
2026-04-22,kaikoura,0,0.0210,0.80,2,all_normal
2026-04-22,anchorage,0,0.0066,0.80,2,all_normal
2026-04-22,kumamoto,1,0.4286,0.75,2,mostly_elevated
2026-04-22,hualien,0,0.0433,0.50,1,single_method
2026-04-22,mexico_guerrero,1,0.4286,0.75,2,mostly_elevated
2026-04-23,ridgecrest,0,0.1421,0.80,3,all_normal
2026-04-23,socal_saf_mojave,0,0.0566,0.80,3,all_normal
2026-04-23,socal_saf_coachella,0,0.0674,0.80,3,all_normal
2026-04-23,norcal_hayward,0,0.0000,0.80,2,all_normal
2026-04-23,cascadia,0,0.0357,0.80,3,all_normal
2026-04-23,tokyo_kanto,1,0.3555,0.60,3,mixed
2026-04-23,istanbul_marmara,0,0.0211,0.80,3,all_normal
2026-04-23,turkey_kahramanmaras,0,0.0613,0.80,2,all_normal
2026-04-23,campi_flegrei,0,0.0411,0.80,2,all_normal
2026-04-23,kaikoura,0,0.0082,0.80,2,all_normal
2026-04-23,anchorage,0,0.0040,0.80,2,all_normal
2026-04-23,kumamoto,1,0.4286,0.75,2,mostly_elevated
2026-04-23,hualien,0,0.0225,0.50,1,single_method
2026-04-23,mexico_guerrero,1,0.4286,0.75,2,mostly_elevated
2026-04-24,ridgecrest,0,0.0571,0.80,3,all_normal
2026-04-24,socal_saf_mojave,0,0.0556,0.80,3,all_normal
2026-04-24,socal_saf_coachella,0,0.0628,0.80,3,all_normal
2026-04-24,norcal_hayward,1,0.4286,0.75,2,mostly_elevated
2026-04-24,cascadia,0,0.0670,0.80,3,all_normal
2026-04-24,tokyo_kanto,1,0.2967,0.60,3,mixed
2026-04-24,istanbul_marmara,1,0.2772,0.60,3,mixed
2026-04-24,turkey_kahramanmaras,1,0.3649,0.75,2,mostly_elevated
2026-04-24,campi_flegrei,1,0.3966,0.75,2,mostly_elevated
2026-04-24,kaikoura,0,0.0092,0.80,2,all_normal
2026-04-24,anchorage,0,0.0047,0.80,2,all_normal
2026-04-24,kumamoto,1,0.3477,0.75,2,mostly_elevated
2026-04-24,hualien,0,0.0151,0.50,1,single_method
2026-04-24,mexico_guerrero,0,0.0336,0.80,2,all_normal
2026-04-25,ridgecrest,1,0.3107,0.60,3,mixed
2026-04-25,socal_saf_mojave,1,0.2998,0.60,3,mixed
2026-04-25,socal_saf_coachella,1,0.3071,0.60,3,mixed
2026-04-25,norcal_hayward,1,0.4286,0.75,2,mostly_elevated
2026-04-25,cascadia,1,0.3139,0.60,3,mixed
2026-04-25,tokyo_kanto,0,0.1490,0.80,3,all_normal
2026-04-25,istanbul_marmara,0,0.1851,0.60,3,mixed
2026-04-25,turkey_kahramanmaras,0,0.1040,0.80,2,all_normal
2026-04-25,campi_flegrei,0,0.2369,0.75,2,mostly_elevated
2026-04-25,kaikoura,0,0.0350,0.80,2,all_normal
2026-04-25,anchorage,0,0.1146,0.80,2,all_normal
2026-04-25,kumamoto,0,0.1282,0.80,2,all_normal
2026-04-25,hualien,1,1.0000,0.50,1,single_method
2026-04-25,mexico_guerrero,0,0.0279,0.80,2,all_normal
2026-04-26,ridgecrest,1,0.2961,0.60,3,mixed
2026-04-26,socal_saf_mojave,1,0.3024,0.60,3,mixed
2026-04-26,socal_saf_coachella,1,0.3042,0.60,3,mixed
2026-04-26,norcal_hayward,1,0.2955,0.75,2,mostly_elevated
2026-04-26,cascadia,1,0.2840,0.60,3,mixed
2026-04-26,tokyo_kanto,0,0.1180,0.80,3,all_normal
2026-04-26,istanbul_marmara,0,0.1235,0.80,3,all_normal
2026-04-26,turkey_kahramanmaras,0,0.1154,0.80,2,all_normal
2026-04-26,campi_flegrei,0,0.0994,0.80,2,all_normal
2026-04-26,kaikoura,0,0.1286,0.80,2,all_normal
2026-04-26,anchorage,1,0.3266,0.75,2,mostly_elevated
2026-04-26,kumamoto,0,0.0953,0.80,2,all_normal
2026-04-26,hualien,0,0.0755,0.50,1,single_method
2026-04-26,mexico_guerrero,0,0.0175,0.80,2,all_normal
2026-04-27,ridgecrest,0,0.1900,0.60,3,mixed
2026-04-27,socal_saf_mojave,0,0.1791,0.60,3,mixed
2026-04-27,socal_saf_coachella,0,0.1888,0.60,3,mixed
2026-04-27,norcal_hayward,0,0.1766,0.80,2,all_normal
2026-04-27,cascadia,0,0.2043,0.60,3,mixed
2026-04-27,tokyo_kanto,0,0.1658,0.80,3,all_normal
2026-04-27,istanbul_marmara,0,0.0747,0.80,3,all_normal
2026-04-27,turkey_kahramanmaras,0,0.1016,0.80,2,all_normal
2026-04-27,campi_flegrei,0,0.0753,0.80,2,all_normal
2026-04-27,kaikoura,0,0.2495,0.75,2,mostly_elevated
2026-04-27,anchorage,1,0.3364,0.75,2,mostly_elevated
2026-04-27,kumamoto,0,0.1075,0.80,2,all_normal
2026-04-27,hualien,0,0.1807,0.50,1,single_method
2026-04-27,mexico_guerrero,0,0.0159,0.80,2,all_normal
2026-04-28,ridgecrest,0,0.0988,0.80,3,all_normal
2026-04-28,socal_saf_mojave,0,0.0875,0.80,3,all_normal
2026-04-28,socal_saf_coachella,0,0.0996,0.80,3,all_normal
2026-04-28,norcal_hayward,0,0.1290,0.80,2,all_normal
2026-04-28,cascadia,0,0.1443,0.80,3,all_normal
2026-04-28,tokyo_kanto,0,0.1601,0.80,3,all_normal
2026-04-28,istanbul_marmara,0,0.0606,0.80,3,all_normal
2026-04-28,turkey_kahramanmaras,0,0.0863,0.80,2,all_normal
2026-04-28,campi_flegrei,0,0.0566,0.80,2,all_normal
2026-04-28,kaikoura,1,0.2741,0.75,2,mostly_elevated
2026-04-28,anchorage,1,0.3219,0.75,2,mostly_elevated
2026-04-28,kumamoto,0,0.1578,0.80,2,all_normal
2026-04-28,hualien,1,0.3110,0.50,1,single_method
2026-04-28,mexico_guerrero,0,0.0155,0.80,2,all_normal
2026-04-29,ridgecrest,0,0.0699,0.80,3,all_normal
2026-04-29,socal_saf_mojave,0,0.0607,0.80,3,all_normal
2026-04-29,socal_saf_coachella,0,0.0667,0.80,3,all_normal
2026-04-29,norcal_hayward,0,0.0823,0.80,2,all_normal
2026-04-29,cascadia,0,0.1040,0.80,3,all_normal
2026-04-29,tokyo_kanto,0,0.2156,0.60,3,mixed
2026-04-29,istanbul_marmara,0,0.1284,0.80,3,all_normal
2026-04-29,turkey_kahramanmaras,0,0.1165,0.80,2,all_normal
2026-04-29,campi_flegrei,0,0.0867,0.80,2,all_normal
2026-04-29,kaikoura,0,0.2211,0.75,2,mostly_elevated
2026-04-29,anchorage,1,0.2919,0.75,2,mostly_elevated
2026-04-29,kumamoto,0,0.2310,0.75,2,mostly_elevated
2026-04-29,hualien,1,0.3524,0.50,1,single_method
2026-04-29,mexico_guerrero,0,0.0255,0.80,2,all_normal
2026-04-30,ridgecrest,1,0.4450,0.75,3,mostly_elevated
2026-04-30,socal_saf_mojave,1,0.3766,0.60,3,mixed
2026-04-30,socal_saf_coachella,1,0.4177,0.75,3,mostly_elevated
2026-04-30,norcal_hayward,1,0.3486,0.75,2,mostly_elevated
2026-04-30,cascadia,1,0.3018,0.60,3,mixed
2026-04-30,tokyo_kanto,0,0.2336,0.60,3,mixed
2026-04-30,istanbul_marmara,0,0.0396,0.80,3,all_normal
2026-04-30,turkey_kahramanmaras,0,0.0609,0.80,2,all_normal
2026-04-30,campi_flegrei,0,0.0457,0.80,2,all_normal
2026-04-30,kaikoura,0,0.0626,0.80,2,all_normal
2026-04-30,anchorage,1,0.4286,0.75,2,mostly_elevated
2026-04-30,kumamoto,1,0.2911,0.75,2,mostly_elevated
2026-04-30,hualien,1,0.4153,0.50,1,single_method
2026-04-30,mexico_guerrero,0,0.0012,0.80,2,all_normal
2026-05-01,ridgecrest,0,0.0622,0.80,3,all_normal
2026-05-01,socal_saf_mojave,0,0.0599,0.80,3,all_normal
2026-05-01,socal_saf_coachella,0,0.0669,0.80,3,all_normal
2026-05-01,norcal_hayward,0,0.0403,0.80,2,all_normal
2026-05-01,cascadia,0,0.0653,0.80,3,all_normal
2026-05-01,tokyo_kanto,0,0.0555,0.80,3,all_normal
2026-05-01,istanbul_marmara,0,0.0866,0.80,3,all_normal
2026-05-01,turkey_kahramanmaras,0,0.0804,0.80,2,all_normal
2026-05-01,campi_flegrei,0,0.0284,0.80,2,all_normal
2026-05-01,kaikoura,1,0.3224,0.75,2,mostly_elevated
2026-05-01,anchorage,0,0.0972,0.80,2,all_normal
2026-05-01,kumamoto,0,0.0199,0.80,2,all_normal
2026-05-01,hualien,1,0.3719,0.50,1,single_method
2026-05-01,mexico_guerrero,0,0.0313,0.80,2,all_normal
2026-05-02,ridgecrest,0,0.2352,0.60,3,mixed
2026-05-02,socal_saf_mojave,0,0.1730,0.60,3,mixed
2026-05-02,socal_saf_coachella,1,0.2541,0.60,3,mixed
2026-05-02,norcal_hayward,0,0.0378,0.80,2,all_normal
2026-05-02,cascadia,0,0.1088,0.80,3,all_normal
2026-05-02,tokyo_kanto,1,0.3287,0.60,3,mixed
2026-05-02,istanbul_marmara,0,0.0544,0.80,3,all_normal
2026-05-02,turkey_kahramanmaras,0,0.0948,0.80,2,all_normal
2026-05-02,campi_flegrei,0,0.0405,0.80,2,all_normal
2026-05-02,kaikoura,0,0.0575,0.80,2,all_normal
2026-05-02,anchorage,0,0.0464,0.80,2,all_normal
2026-05-02,kumamoto,1,0.4286,0.75,2,mostly_elevated
2026-05-02,hualien,1,0.4911,0.50,1,single_method
2026-05-02,mexico_guerrero,0,0.0128,0.80,2,all_normal
2026-05-03,ridgecrest,0,0.0000,0.50,1,single_method
2026-05-03,socal_saf_mojave,0,0.0000,0.50,1,single_method
2026-05-03,socal_saf_coachella,0,0.0000,0.50,1,single_method
2026-05-03,norcal_hayward,0,0.0000,0.50,1,single_method
2026-05-03,cascadia,0,0.0000,0.50,1,single_method
2026-05-03,tokyo_kanto,0,0.0000,0.50,1,single_method
2026-05-03,istanbul_marmara,0,0.0000,0.50,1,single_method
2026-05-03,turkey_kahramanmaras,-1,0.0000,0.00,0,no_data
2026-05-03,campi_flegrei,0,0.0000,0.50,1,single_method
2026-05-03,kaikoura,-1,0.0000,0.00,0,no_data
2026-05-03,anchorage,0,0.0000,0.50,1,single_method
2026-05-03,kumamoto,0,0.0000,0.50,1,single_method
2026-05-03,hualien,-1,0.0000,0.00,0,no_data
2026-05-03,mexico_guerrero,0,0.0000,0.50,1,single_method
2026-05-04,ridgecrest,0,0.0381,0.80,3,all_normal
2026-05-04,socal_saf_mojave,0,0.0438,0.80,3,all_normal
2026-05-04,socal_saf_coachella,0,0.0439,0.80,3,all_normal
2026-05-04,norcal_hayward,0,0.0214,0.80,2,all_normal
2026-05-04,cascadia,0,0.0468,0.80,3,all_normal
2026-05-04,tokyo_kanto,1,0.2912,0.60,3,mixed
2026-05-04,istanbul_marmara,0,0.0450,0.80,3,all_normal
2026-05-04,turkey_kahramanmaras,0,0.0662,0.80,2,all_normal
2026-05-04,campi_flegrei,0,0.0504,0.80,2,all_normal
2026-05-04,kaikoura,0,0.0262,0.80,2,all_normal
2026-05-04,anchorage,0,0.0153,0.80,2,all_normal
2026-05-04,kumamoto,1,0.3345,0.75,2,mostly_elevated
2026-05-04,hualien,1,0.5569,0.50,1,single_method
2026-05-04,mexico_guerrero,0,0.0176,0.80,2,all_normal
2026-05-05,ridgecrest,0,0.1791,0.60,3,mixed
2026-05-05,socal_saf_mojave,0,0.1520,0.80,3,all_normal
2026-05-05,socal_saf_coachella,0,0.1463,0.80,3,all_normal
2026-05-05,norcal_hayward,0,0.0192,0.80,2,all_normal
2026-05-05,cascadia,0,0.0621,0.80,3,all_normal
2026-05-05,tokyo_kanto,1,0.3016,0.60,3,mixed
2026-05-05,istanbul_marmara,0,0.0354,0.80,3,all_normal
2026-05-05,turkey_kahramanmaras,0,0.0580,0.80,2,all_normal
2026-05-05,campi_flegrei,0,0.0481,0.80,2,all_normal
2026-05-05,kaikoura,0,0.0198,0.80,2,all_normal
2026-05-05,anchorage,0,0.0088,0.80,2,all_normal
2026-05-05,kumamoto,1,0.3485,0.75,2,mostly_elevated
2026-05-05,hualien,1,0.4473,0.50,1,single_method
2026-05-05,mexico_guerrero,0,0.0113,0.80,2,all_normal
2026-05-06,ridgecrest,0,0.0442,0.80,3,all_normal
2026-05-06,socal_saf_mojave,0,0.0397,0.80,3,all_normal
2026-05-06,socal_saf_coachella,0,0.0419,0.80,3,all_normal
2026-05-06,norcal_hayward,0,0.0139,0.80,2,all_normal
2026-05-06,cascadia,0,0.0348,0.80,3,all_normal
2026-05-06,tokyo_kanto,1,0.2836,0.60,3,mixed
2026-05-06,istanbul_marmara,0,0.0266,0.80,3,all_normal
2026-05-06,turkey_kahramanmaras,0,0.0999,0.80,2,all_normal
2026-05-06,campi_flegrei,0,0.0513,0.80,2,all_normal
2026-05-06,kaikoura,0,0.0165,0.80,2,all_normal
2026-05-06,anchorage,0,0.0029,0.80,2,all_normal
2026-05-06,kumamoto,1,0.3591,0.75,2,mostly_elevated
2026-05-06,hualien,1,0.4573,0.50,1,single_method
2026-05-06,mexico_guerrero,0,0.0146,0.80,2,all_normal
2026-05-07,ridgecrest,0,0.1896,0.60,3,mixed
2026-05-07,socal_saf_mojave,0,0.1738,0.60,3,mixed
2026-05-07,socal_saf_coachella,0,0.1092,0.80,3,all_normal
2026-05-07,norcal_hayward,0,0.0108,0.80,2,all_normal
2026-05-07,cascadia,0,0.0680,0.80,3,all_normal
2026-05-07,tokyo_kanto,1,0.2923,0.60,3,mixed
2026-05-07,istanbul_marmara,0,0.0338,0.80,3,all_normal
2026-05-07,turkey_kahramanmaras,0,0.0455,0.80,2,all_normal
2026-05-07,campi_flegrei,0,0.0565,0.80,2,all_normal
2026-05-07,kaikoura,0,0.0130,0.80,2,all_normal
2026-05-07,anchorage,0,0.0000,0.80,2,all_normal
2026-05-07,kumamoto,1,0.3741,0.75,2,mostly_elevated
2026-05-07,hualien,1,0.4444,0.50,1,single_method
2026-05-07,mexico_guerrero,0,0.0140,0.80,2,all_normal
2026-05-08,ridgecrest,0,0.0544,0.80,3,all_normal
2026-05-08,socal_saf_mojave,0,0.0463,0.80,3,all_normal
2026-05-08,socal_saf_coachella,0,0.0384,0.80,3,all_normal
2026-05-08,norcal_hayward,0,0.0017,0.80,2,all_normal
2026-05-08,cascadia,0,0.0568,0.80,3,all_normal
2026-05-08,tokyo_kanto,1,0.3031,0.60,3,mixed
2026-05-08,istanbul_marmara,0,0.0133,0.80,3,all_normal
2026-05-08,turkey_kahramanmaras,0,0.0272,0.80,2,all_normal
2026-05-08,campi_flegrei,0,0.0907,0.80,2,all_normal
2026-05-08,kaikoura,0,0.0089,0.80,2,all_normal
2026-05-08,anchorage,0,0.0000,0.80,2,all_normal
2026-05-08,kumamoto,1,0.3942,0.75,2,mostly_elevated
2026-05-08,hualien,1,0.6160,0.50,1,single_method
2026-05-08,mexico_guerrero,0,0.0134,0.80,2,all_normal
2026-05-09,ridgecrest,0,0.0754,0.80,3,all_normal
2026-05-09,socal_saf_mojave,0,0.1564,0.60,3,mixed
2026-05-09,socal_saf_coachella,0,0.0928,0.80,3,all_normal
2026-05-09,norcal_hayward,0,0.0570,0.80,2,all_normal
2026-05-09,cascadia,0,0.0880,0.80,3,all_normal
2026-05-09,tokyo_kanto,1,0.2570,0.60,3,mixed
2026-05-09,istanbul_marmara,0,0.0242,0.80,3,all_normal
2026-05-09,turkey_kahramanmaras,0,0.0426,0.80,2,all_normal
2026-05-09,campi_flegrei,0,0.0666,0.80,2,all_normal
2026-05-09,kaikoura,0,0.0070,0.80,2,all_normal
2026-05-09,anchorage,0,0.0000,0.80,2,all_normal
2026-05-09,kumamoto,1,0.3032,0.75,2,mostly_elevated
2026-05-09,hualien,1,0.3802,0.50,1,single_method
2026-05-09,mexico_guerrero,0,0.0125,0.80,2,all_normal
2026-05-10,ridgecrest,0,0.1983,0.80,3,all_normal
2026-05-10,socal_saf_mojave,0,0.1819,0.80,3,all_normal
2026-05-10,socal_saf_coachella,0,0.1927,0.80,3,all_normal
2026-05-10,norcal_hayward,0,0.2478,0.75,2,mostly_elevated
2026-05-10,cascadia,0,0.1356,0.80,3,all_normal
2026-05-10,tokyo_kanto,0,0.1057,0.80,3,all_normal
2026-05-10,istanbul_marmara,0,0.0155,0.80,3,all_normal
2026-05-10,turkey_kahramanmaras,0,0.0341,0.80,2,all_normal
2026-05-10,campi_flegrei,0,0.0551,0.80,2,all_normal
2026-05-10,kaikoura,0,0.0151,0.80,2,all_normal
2026-05-10,anchorage,0,0.0116,0.80,2,all_normal
2026-05-10,kumamoto,0,0.1094,0.80,2,all_normal
2026-05-10,hualien,0,0.1292,0.50,1,single_method
2026-05-10,mexico_guerrero,0,0.0233,0.80,2,all_normal
2026-05-11,ridgecrest,1,0.3901,0.75,3,mostly_elevated
2026-05-11,socal_saf_mojave,1,0.3300,0.75,3,mostly_elevated
2026-05-11,socal_saf_coachella,1,0.3289,0.60,3,mixed
2026-05-11,norcal_hayward,1,0.3313,0.75,2,mostly_elevated
2026-05-11,cascadia,1,0.2927,0.60,3,mixed
2026-05-11,tokyo_kanto,0,0.0922,0.80,3,all_normal
2026-05-11,istanbul_marmara,0,0.0177,0.80,3,all_normal
2026-05-11,turkey_kahramanmaras,0,0.0371,0.80,2,all_normal
2026-05-11,campi_flegrei,0,0.2483,0.75,2,mostly_elevated
2026-05-11,kaikoura,0,0.0765,0.80,2,all_normal
2026-05-11,anchorage,0,0.2469,0.75,2,mostly_elevated
2026-05-11,kumamoto,0,0.0805,0.80,2,all_normal
2026-05-11,hualien,0,0.0728,0.50,1,single_method
2026-05-11,mexico_guerrero,0,0.0182,0.80,2,all_normal
2026-05-12,ridgecrest,0,0.1168,0.80,3,all_normal
2026-05-12,socal_saf_mojave,0,0.1095,0.80,3,all_normal
2026-05-12,socal_saf_coachella,0,0.1200,0.80,3,all_normal
2026-05-12,norcal_hayward,0,0.1522,0.80,2,all_normal
2026-05-12,cascadia,0,0.2020,0.60,3,mixed
2026-05-12,tokyo_kanto,0,0.0792,0.80,3,all_normal
2026-05-12,istanbul_marmara,0,0.0412,0.80,3,all_normal
2026-05-12,turkey_kahramanmaras,0,0.0548,0.80,2,all_normal
2026-05-12,campi_flegrei,0,0.2203,0.75,2,mostly_elevated
2026-05-12,kaikoura,0,0.2267,0.75,2,mostly_elevated
2026-05-12,anchorage,1,0.2691,0.75,2,mostly_elevated
2026-05-12,kumamoto,0,0.0651,0.80,2,all_normal
2026-05-12,hualien,0,0.0968,0.50,1,single_method
2026-05-12,mexico_guerrero,0,0.0061,0.80,2,all_normal
2026-05-13,ridgecrest,0,0.0753,0.80,3,all_normal
2026-05-13,socal_saf_mojave,0,0.0652,0.80,3,all_normal
2026-05-13,socal_saf_coachella,0,0.0781,0.80,3,all_normal
2026-05-13,norcal_hayward,0,0.0739,0.80,2,all_normal
2026-05-13,cascadia,0,0.1048,0.80,3,all_normal
2026-05-13,tokyo_kanto,0,0.0689,0.80,3,all_normal
2026-05-13,istanbul_marmara,0,0.0415,0.80,3,all_normal
2026-05-13,turkey_kahramanmaras,0,0.0523,0.80,2,all_normal
2026-05-13,campi_flegrei,0,0.0698,0.80,2,all_normal
2026-05-13,kaikoura,1,0.3009,0.75,2,mostly_elevated
2026-05-13,anchorage,0,0.2044,0.80,2,all_normal
2026-05-13,kumamoto,0,0.0589,0.80,2,all_normal
2026-05-13,hualien,0,0.1155,0.50,1,single_method
2026-05-13,mexico_guerrero,0,0.0000,0.80,2,all_normal
2026-05-14,ridgecrest,0,0.0521,0.80,3,all_normal
2026-05-14,socal_saf_mojave,0,0.0411,0.80,3,all_normal
2026-05-14,socal_saf_coachella,0,0.0568,0.80,3,all_normal
2026-05-14,norcal_hayward,0,0.0527,0.80,2,all_normal
2026-05-14,cascadia,0,0.0833,0.80,3,all_normal
2026-05-14,tokyo_kanto,0,0.0727,0.80,3,all_normal
2026-05-14,istanbul_marmara,0,0.0737,0.80,3,all_normal
2026-05-14,turkey_kahramanmaras,0,0.0563,0.80,2,all_normal
2026-05-14,campi_flegrei,0,0.1626,0.80,2,all_normal
2026-05-14,kaikoura,1,0.2740,0.75,2,mostly_elevated
2026-05-14,anchorage,0,0.0000,0.50,1,single_method
2026-05-14,kumamoto,0,0.0626,0.80,2,all_normal
2026-05-14,hualien,0,0.1684,0.50,1,single_method
2026-05-14,mexico_guerrero,0,0.0027,0.80,2,all_normal
2026-05-15,ridgecrest,0,0.0509,0.80,3,all_normal
2026-05-15,socal_saf_mojave,0,0.0490,0.80,3,all_normal
2026-05-15,socal_saf_coachella,0,0.0480,0.80,3,all_normal
2026-05-15,norcal_hayward,0,0.0344,0.80,2,all_normal
2026-05-15,cascadia,0,0.0667,0.80,3,all_normal
2026-05-15,tokyo_kanto,0,0.0817,0.80,3,all_normal
2026-05-15,istanbul_marmara,0,0.1116,0.80,3,all_normal
2026-05-15,turkey_kahramanmaras,0,0.0890,0.80,2,all_normal
2026-05-15,campi_flegrei,0,0.0557,0.80,2,all_normal
2026-05-15,kaikoura,0,0.1749,0.80,2,all_normal
2026-05-15,anchorage,0,0.0000,0.50,1,single_method
2026-05-15,kumamoto,0,0.0770,0.80,2,all_normal
2026-05-15,hualien,0,0.2298,0.50,1,single_method
2026-05-15,mexico_guerrero,0,0.0121,0.80,2,all_normal
2026-05-16,ridgecrest,1,0.2712,0.60,3,mixed
2026-05-16,socal_saf_mojave,1,0.2502,0.60,3,mixed
2026-05-16,socal_saf_coachella,1,0.2734,0.60,3,mixed
2026-05-16,norcal_hayward,0,0.0230,0.80,2,all_normal
2026-05-16,cascadia,0,0.2331,0.60,3,mixed
2026-05-16,tokyo_kanto,1,0.2558,0.60,3,mixed
2026-05-16,istanbul_marmara,1,0.2520,0.60,3,mixed
2026-05-16,turkey_kahramanmaras,0,0.1398,0.80,2,all_normal
2026-05-16,campi_flegrei,0,0.2198,0.75,2,mostly_elevated
2026-05-16,kaikoura,0,0.0864,0.80,2,all_normal
2026-05-16,anchorage,0,0.0000,0.50,1,single_method
2026-05-16,kumamoto,0,0.1055,0.80,2,all_normal
2026-05-16,hualien,1,0.3621,0.50,1,single_method
2026-05-16,mexico_guerrero,0,0.0136,0.80,2,all_normal
2026-05-17,ridgecrest,0,0.1076,0.80,3,all_normal
2026-05-17,socal_saf_mojave,0,0.1276,0.80,3,all_normal
2026-05-17,socal_saf_coachella,0,0.0806,0.80,3,all_normal
2026-05-17,norcal_hayward,0,0.0277,0.80,2,all_normal
2026-05-17,cascadia,0,0.0649,0.80,3,all_normal
2026-05-17,tokyo_kanto,0,0.1610,0.80,3,all_normal
2026-05-17,istanbul_marmara,0,0.0719,0.80,3,all_normal
2026-05-17,turkey_kahramanmaras,0,0.0987,0.80,2,all_normal
2026-05-17,campi_flegrei,0,0.0626,0.80,2,all_normal
2026-05-17,kaikoura,0,0.0427,0.80,2,all_normal
2026-05-17,anchorage,0,0.0000,0.50,1,single_method
2026-05-17,kumamoto,0,0.1904,0.80,2,all_normal
2026-05-17,hualien,1,0.4376,0.50,1,single_method
2026-05-17,mexico_guerrero,0,0.0134,0.80,2,all_normal
2026-05-18,ridgecrest,0,0.0391,0.80,3,all_normal
2026-05-18,socal_saf_mojave,0,0.0316,0.80,3,all_normal
2026-05-18,socal_saf_coachella,0,0.0460,0.80,3,all_normal
2026-05-18,norcal_hayward,0,0.0215,0.80,2,all_normal
2026-05-18,cascadia,0,0.0415,0.80,3,all_normal
2026-05-18,tokyo_kanto,0,0.2371,0.60,3,mixed
2026-05-18,istanbul_marmara,0,0.0615,0.80,3,all_normal
2026-05-18,turkey_kahramanmaras,0,0.0665,0.80,2,all_normal
2026-05-18,campi_flegrei,0,0.0000,0.50,1,single_method
2026-05-18,kaikoura,0,0.0189,0.80,2,all_normal
2026-05-18,anchorage,0,0.0000,0.50,1,single_method
2026-05-18,kumamoto,1,0.2965,0.75,2,mostly_elevated
2026-05-18,hualien,1,0.4424,0.50,1,single_method
2026-05-18,mexico_guerrero,0,0.0130,0.80,2,all_normal
2026-05-19,ridgecrest,0,0.0409,0.80,3,all_normal
2026-05-19,socal_saf_mojave,0,0.0301,0.80,3,all_normal
2026-05-19,socal_saf_coachella,0,0.0397,0.80,3,all_normal
2026-05-19,norcal_hayward,0,0.0200,0.80,2,all_normal
2026-05-19,cascadia,0,0.0160,0.80,2,all_normal
2026-05-19,tokyo_kanto,1,0.2646,0.60,3,mixed
2026-05-19,istanbul_marmara,0,0.0606,0.80,3,all_normal
2026-05-19,turkey_kahramanmaras,0,0.0409,0.80,2,all_normal
2026-05-19,campi_flegrei,0,0.0000,0.50,1,single_method
2026-05-19,kaikoura,0,0.0137,0.80,2,all_normal
2026-05-19,anchorage,0,0.0000,0.50,1,single_method
2026-05-19,kumamoto,1,0.3379,0.75,2,mostly_elevated
2026-05-19,hualien,1,0.3041,0.50,1,single_method
2026-05-19,mexico_guerrero,0,0.0181,0.80,2,all_normal
2026-05-20,ridgecrest,0,0.0389,0.80,3,all_normal
2026-05-20,socal_saf_mojave,0,0.0363,0.80,3,all_normal
2026-05-20,socal_saf_coachella,0,0.0471,0.80,3,all_normal
2026-05-20,norcal_hayward,0,0.1669,0.80,2,all_normal
2026-05-20,cascadia,0,0.0111,0.80,2,all_normal
2026-05-20,tokyo_kanto,1,0.2684,0.60,3,mixed
2026-05-20,istanbul_marmara,1,0.2633,0.60,3,mixed
2026-05-20,turkey_kahramanmaras,0,0.0697,0.80,2,all_normal
2026-05-20,campi_flegrei,0,0.0000,0.50,1,single_method
2026-05-20,kaikoura,0,0.0117,0.80,2,all_normal
2026-05-20,anchorage,1,0.4286,0.75,2,mostly_elevated
2026-05-20,kumamoto,1,0.3409,0.75,2,mostly_elevated
2026-05-20,hualien,1,0.3015,0.50,1,single_method
2026-05-20,mexico_guerrero,0,0.0164,0.80,2,all_normal
2026-05-21,ridgecrest,1,0.2842,0.60,3,mixed
2026-05-21,socal_saf_mojave,1,0.2628,0.60,3,mixed
2026-05-21,socal_saf_coachella,1,0.2713,0.60,3,mixed
2026-05-21,norcal_hayward,0,0.0106,0.80,2,all_normal
2026-05-21,cascadia,0,0.0078,0.80,2,all_normal
2026-05-21,tokyo_kanto,1,0.2633,0.60,3,mixed
2026-05-21,istanbul_marmara,0,0.2038,0.60,3,mixed
2026-05-21,turkey_kahramanmaras,0,0.1534,0.80,2,all_normal
2026-05-21,campi_flegrei,0,0.0000,0.50,1,single_method
2026-05-21,kaikoura,0,0.0087,0.80,2,all_normal
2026-05-21,anchorage,0,0.0050,0.80,2,all_normal
2026-05-21,kumamoto,1,0.3255,0.75,2,mostly_elevated
2026-05-21,hualien,0,0.2268,0.50,1,single_method
2026-05-21,mexico_guerrero,0,0.0125,0.80,2,all_normal
2026-05-22,ridgecrest,0,0.0134,0.80,2,all_normal
2026-05-22,socal_saf_mojave,0,0.0134,0.80,2,all_normal
2026-05-22,socal_saf_coachella,0,0.0134,0.80,2,all_normal
2026-05-22,norcal_hayward,0,0.0148,0.80,2,all_normal
2026-05-22,cascadia,0,0.0119,0.80,2,all_normal
2026-05-22,tokyo_kanto,0,0.2046,0.60,3,mixed
2026-05-22,istanbul_marmara,0,0.0341,0.80,3,all_normal
2026-05-22,turkey_kahramanmaras,0,0.0255,0.80,2,all_normal
2026-05-22,campi_flegrei,0,0.0000,0.50,1,single_method
2026-05-22,kaikoura,0,0.0061,0.80,2,all_normal
2026-05-22,anchorage,0,0.0110,0.80,2,all_normal
2026-05-22,kumamoto,0,0.2403,0.75,2,mostly_elevated
2026-05-22,hualien,1,0.2885,0.50,1,single_method
2026-05-22,mexico_guerrero,0,0.0084,0.80,2,all_normal
2026-05-24,ridgecrest,1,0.3841,0.60,3,mixed
2026-05-24,socal_saf_mojave,1,0.3755,0.60,3,mixed
2026-05-24,socal_saf_coachella,1,0.3479,0.60,3,mixed
2026-05-24,norcal_hayward,1,0.3552,0.75,2,mostly_elevated
2026-05-24,cascadia,1,0.3869,0.75,2,mostly_elevated
2026-05-24,tokyo_kanto,0,0.0677,0.80,3,all_normal
2026-05-24,istanbul_marmara,0,0.0735,0.80,3,all_normal
2026-05-24,turkey_kahramanmaras,0,0.1323,0.80,2,all_normal
2026-05-24,campi_flegrei,0,0.0559,0.80,2,all_normal
2026-05-24,kaikoura,0,0.0180,0.80,2,all_normal
2026-05-24,anchorage,0,0.1503,0.80,2,all_normal
2026-05-24,kumamoto,0,0.0473,0.80,2,all_normal
2026-05-24,hualien,0,0.0482,0.50,1,single_method
2026-05-24,mexico_guerrero,0,0.0080,0.80,2,all_normal
2026-05-25,ridgecrest,0,0.1173,0.80,3,all_normal
2026-05-25,socal_saf_mojave,0,0.1055,0.80,3,all_normal
2026-05-25,socal_saf_coachella,0,0.1180,0.80,3,all_normal
2026-05-25,norcal_hayward,0,0.1522,0.80,2,all_normal
2026-05-25,cascadia,0,0.2070,0.80,2,all_normal
2026-05-25,tokyo_kanto,0,0.0452,0.80,3,all_normal
2026-05-25,istanbul_marmara,0,0.0399,0.80,3,all_normal
2026-05-25,turkey_kahramanmaras,0,0.0428,0.80,2,all_normal
2026-05-25,campi_flegrei,0,0.0431,0.80,2,all_normal
2026-05-25,kaikoura,0,0.1076,0.80,2,all_normal
2026-05-25,anchorage,0,0.1624,0.80,2,all_normal
2026-05-25,kumamoto,0,0.0250,0.80,2,all_normal
2026-05-25,hualien,0,0.0333,0.50,1,single_method
2026-05-25,mexico_guerrero,0,0.0055,0.80,2,all_normal
2026-05-26,ridgecrest,1,0.2853,0.60,3,mixed
2026-05-26,socal_saf_mojave,0,0.2389,0.60,3,mixed
2026-05-26,socal_saf_coachella,1,0.2547,0.60,3,mixed
2026-05-26,norcal_hayward,0,0.0554,0.80,2,all_normal
2026-05-26,cascadia,0,0.0681,0.80,2,all_normal
2026-05-26,tokyo_kanto,0,0.0419,0.80,3,all_normal
2026-05-26,istanbul_marmara,0,0.2226,0.60,3,mixed
2026-05-26,turkey_kahramanmaras,0,0.0565,0.80,2,all_normal
2026-05-26,campi_flegrei,1,0.3679,0.75,2,mostly_elevated
2026-05-26,kaikoura,1,0.2893,0.75,2,mostly_elevated
2026-05-26,anchorage,0,0.0978,0.80,2,all_normal
2026-05-26,kumamoto,0,0.0211,0.80,2,all_normal
2026-05-26,hualien,0,0.0474,0.50,1,single_method
2026-05-26,mexico_guerrero,0,0.0060,0.80,2,all_normal
2026-05-27,ridgecrest,0,0.0601,0.80,3,all_normal
2026-05-27,socal_saf_mojave,0,0.0587,0.80,3,all_normal
2026-05-27,socal_saf_coachella,0,0.0621,0.80,3,all_normal
2026-05-27,norcal_hayward,0,0.0213,0.80,2,all_normal
2026-05-27,cascadia,0,0.0333,0.80,2,all_normal
2026-05-27,tokyo_kanto,0,0.0484,0.80,3,all_normal
2026-05-27,istanbul_marmara,0,0.0634,0.80,3,all_normal
2026-05-27,turkey_kahramanmaras,0,0.0903,0.80,2,all_normal
2026-05-27,campi_flegrei,0,0.0453,0.80,2,all_normal
2026-05-27,kaikoura,1,0.3244,0.75,2,mostly_elevated
2026-05-27,anchorage,0,0.0620,0.80,2,all_normal
2026-05-27,kumamoto,0,0.0287,0.80,2,all_normal
2026-05-27,hualien,0,0.1050,0.50,1,single_method
2026-05-27,mexico_guerrero,0,0.0041,0.80,2,all_normal
2026-05-28,ridgecrest,0,0.0457,0.80,3,all_normal
2026-05-28,socal_saf_mojave,0,0.0379,0.80,3,all_normal
2026-05-28,socal_saf_coachella,0,0.0512,0.80,3,all_normal
2026-05-28,norcal_hayward,0,0.1723,0.80,2,all_normal
2026-05-28,cascadia,0,0.0208,0.80,2,all_normal
2026-05-28,tokyo_kanto,0,0.0613,0.80,3,all_normal
2026-05-28,istanbul_marmara,0,0.0821,0.80,3,all_normal
2026-05-28,turkey_kahramanmaras,0,0.1228,0.80,2,all_normal
2026-05-28,campi_flegrei,0,0.0624,0.80,2,all_normal
2026-05-28,kaikoura,0,0.2224,0.75,2,mostly_elevated
2026-05-28,anchorage,0,0.0519,0.80,2,all_normal
2026-05-28,kumamoto,0,0.0468,0.80,2,all_normal
2026-05-28,hualien,0,0.2292,0.50,1,single_method
2026-05-28,mexico_guerrero,0,0.0036,0.80,2,all_normal
2026-05-29,ridgecrest,0,0.0502,0.80,3,all_normal
2026-05-29,socal_saf_mojave,0,0.0505,0.80,3,all_normal
2026-05-29,socal_saf_coachella,0,0.0538,0.80,3,all_normal
2026-05-29,norcal_hayward,0,0.0184,0.80,2,all_normal
2026-05-29,cascadia,0,0.0196,0.80,2,all_normal
2026-05-29,tokyo_kanto,0,0.0818,0.80,3,all_normal
2026-05-29,istanbul_marmara,0,0.0845,0.80,3,all_normal
2026-05-29,turkey_kahramanmaras,0,0.1259,0.80,2,all_normal
2026-05-29,campi_flegrei,0,0.0461,0.80,2,all_normal
2026-05-29,kaikoura,0,0.1206,0.80,2,all_normal
2026-05-29,anchorage,0,0.0481,0.80,2,all_normal
2026-05-29,kumamoto,0,0.0731,0.80,2,all_normal
2026-05-29,hualien,1,0.9021,0.50,1,single_method
2026-05-29,mexico_guerrero,0,0.0022,0.80,2,all_normal
2026-05-30,ridgecrest,0,0.0371,0.80,3,all_normal
2026-05-30,socal_saf_mojave,0,0.0265,0.80,3,all_normal
2026-05-30,socal_saf_coachella,0,0.0374,0.80,3,all_normal
2026-05-30,norcal_hayward,0,0.0199,0.80,2,all_normal
2026-05-30,cascadia,0,0.0189,0.80,2,all_normal
2026-05-30,tokyo_kanto,0,0.1070,0.80,3,all_normal
2026-05-30,istanbul_marmara,0,0.1318,0.80,3,all_normal
2026-05-30,turkey_kahramanmaras,0,0.1114,0.80,2,all_normal
2026-05-30,campi_flegrei,0,0.0387,0.80,2,all_normal
2026-05-30,kaikoura,0,0.0757,0.80,2,all_normal
2026-05-30,anchorage,0,0.0276,0.80,2,all_normal
2026-05-30,kumamoto,0,0.1109,0.80,2,all_normal
2026-05-30,hualien,-1,0.0000,0.00,0,no_data
2026-05-30,mexico_guerrero,0,0.0165,0.80,2,all_normal
2026-05-31,ridgecrest,0,0.0367,0.80,3,all_normal
2026-05-31,socal_saf_mojave,0,0.0280,0.80,3,all_normal
2026-05-31,socal_saf_coachella,0,0.0377,0.80,3,all_normal
2026-05-31,norcal_hayward,0,0.0184,0.80,2,all_normal
2026-05-31,cascadia,0,0.0195,0.80,2,all_normal
2026-05-31,tokyo_kanto,0,0.1574,0.80,3,all_normal
2026-05-31,istanbul_marmara,0,0.0809,0.80,3,all_normal
2026-05-31,turkey_kahramanmaras,0,0.1095,0.80,2,all_normal
2026-05-31,campi_flegrei,0,0.0511,0.80,2,all_normal
2026-05-31,kaikoura,0,0.0511,0.80,2,all_normal
2026-05-31,anchorage,0,0.0185,0.80,2,all_normal
2026-05-31,kumamoto,0,0.1856,0.80,2,all_normal
2026-05-31,hualien,-1,0.0000,0.00,0,no_data
2026-05-31,mexico_guerrero,0,0.0133,0.80,2,all_normal
2026-06-01,ridgecrest,0,0.0684,0.80,3,all_normal
2026-06-01,socal_saf_mojave,0,0.0888,0.80,3,all_normal
2026-06-01,socal_saf_coachella,0,0.0842,0.80,3,all_normal
2026-06-01,norcal_hayward,0,0.0180,0.80,2,all_normal
2026-06-01,cascadia,0,0.0452,0.80,3,all_normal
2026-06-01,tokyo_kanto,0,0.2321,0.60,3,mixed
2026-06-01,istanbul_marmara,0,0.1177,0.80,3,all_normal
2026-06-01,turkey_kahramanmaras,0,0.1167,0.80,2,all_normal
2026-06-01,campi_flegrei,0,0.1275,0.80,2,all_normal
2026-06-01,kaikoura,0,0.0335,0.80,2,all_normal
2026-06-01,anchorage,0,0.0135,0.80,2,all_normal
2026-06-01,kumamoto,1,0.2699,0.75,2,mostly_elevated
2026-06-01,hualien,-1,0.0000,0.00,0,no_data
2026-06-01,mexico_guerrero,0,0.0134,0.80,2,all_normal
2026-06-02,ridgecrest,0,0.0498,0.80,3,all_normal
2026-06-02,socal_saf_mojave,0,0.0363,0.80,3,all_normal
2026-06-02,socal_saf_coachella,0,0.0453,0.80,3,all_normal
2026-06-02,norcal_hayward,0,0.0181,0.80,2,all_normal
2026-06-02,cascadia,0,0.0403,0.80,3,all_normal
2026-06-02,tokyo_kanto,1,0.2594,0.60,3,mixed
2026-06-02,istanbul_marmara,1,0.2526,0.60,3,mixed
2026-06-02,turkey_kahramanmaras,0,0.2215,0.80,2,all_normal
2026-06-02,campi_flegrei,1,0.3624,0.75,2,mostly_elevated
2026-06-02,kaikoura,0,0.0211,0.80,2,all_normal
2026-06-02,anchorage,0,0.0113,0.80,2,all_normal
2026-06-02,kumamoto,1,0.3313,0.75,2,mostly_elevated
2026-06-02,hualien,-1,0.0000,0.00,0,no_data
2026-06-02,mexico_guerrero,0,0.0260,0.80,2,all_normal
2026-06-03,ridgecrest,0,0.0397,0.80,3,all_normal
2026-06-03,socal_saf_mojave,0,0.0336,0.80,3,all_normal
2026-06-03,socal_saf_coachella,0,0.0439,0.80,3,all_normal
2026-06-03,norcal_hayward,0,0.0186,0.80,2,all_normal
2026-06-03,cascadia,0,0.0390,0.80,3,all_normal
2026-06-03,tokyo_kanto,1,0.2824,0.60,3,mixed
2026-06-03,istanbul_marmara,0,0.0414,0.80,3,all_normal
2026-06-03,turkey_kahramanmaras,0,0.0385,0.80,2,all_normal
2026-06-03,campi_flegrei,0,0.0444,0.80,2,all_normal
2026-06-03,kaikoura,0,0.0192,0.80,2,all_normal
2026-06-03,anchorage,0,0.0079,0.80,2,all_normal
2026-06-03,kumamoto,1,0.3514,0.75,2,mostly_elevated
2026-06-03,hualien,0,0.0459,0.50,1,single_method
2026-06-03,mexico_guerrero,0,0.0310,0.80,2,all_normal
2026-06-04,ridgecrest,0,0.2285,0.60,3,mixed
2026-06-04,socal_saf_mojave,0,0.1983,0.60,3,mixed
2026-06-04,socal_saf_coachella,0,0.2155,0.60,3,mixed
2026-06-04,norcal_hayward,0,0.0182,0.80,2,all_normal
2026-06-04,cascadia,0,0.1602,0.60,3,mixed
2026-06-04,tokyo_kanto,1,0.2830,0.60,3,mixed
2026-06-04,istanbul_marmara,0,0.0414,0.80,3,all_normal
2026-06-04,turkey_kahramanmaras,0,0.0826,0.80,2,all_normal
2026-06-04,campi_flegrei,0,0.1212,0.80,2,all_normal
2026-06-04,kaikoura,0,0.0175,0.80,2,all_normal
2026-06-04,anchorage,0,0.0052,0.80,2,all_normal
2026-06-04,kumamoto,1,0.3636,0.75,2,mostly_elevated
2026-06-04,hualien,1,0.4011,0.50,1,single_method
2026-06-04,mexico_guerrero,0,0.0463,0.80,2,all_normal
2026-06-06,ridgecrest,0,0.0346,0.80,3,all_normal
2026-06-06,socal_saf_mojave,0,0.0223,0.80,3,all_normal
2026-06-06,socal_saf_coachella,0,0.0326,0.80,3,all_normal
2026-06-06,norcal_hayward,0,0.0867,0.80,2,all_normal
2026-06-06,cascadia,0,0.0323,0.80,3,all_normal
2026-06-06,tokyo_kanto,0,0.0426,0.80,3,all_normal
2026-06-06,istanbul_marmara,0,0.0829,0.80,3,all_normal
2026-06-06,turkey_kahramanmaras,0,0.1162,0.80,2,all_normal
2026-06-06,campi_flegrei,0,0.0104,0.50,1,single_method
2026-06-06,kaikoura,0,0.2263,0.75,2,mostly_elevated
2026-06-06,anchorage,0,0.0106,0.80,2,all_normal
2026-06-06,kumamoto,0,0.0193,0.80,2,all_normal
2026-06-06,hualien,0,0.0569,0.50,1,single_method
2026-06-06,mexico_guerrero,0,0.0132,0.80,2,all_normal
2026-06-05,ridgecrest,1,0.2567,0.60,3,mixed
2026-06-05,socal_saf_mojave,0,0.2458,0.60,3,mixed
2026-06-05,socal_saf_coachella,1,0.2584,0.60,3,mixed
2026-06-05,norcal_hayward,1,0.3730,0.75,2,mostly_elevated
2026-06-05,cascadia,1,0.3278,0.60,3,mixed
2026-06-05,tokyo_kanto,0,0.0450,0.80,3,all_normal
2026-06-05,istanbul_marmara,0,0.0397,0.80,3,all_normal
2026-06-05,turkey_kahramanmaras,0,0.0312,0.80,2,all_normal
2026-06-05,campi_flegrei,0,0.0104,0.50,1,single_method
2026-06-05,kaikoura,0,0.0197,0.80,2,all_normal
2026-06-05,anchorage,1,0.3924,0.75,2,mostly_elevated
2026-06-05,kumamoto,0,0.0220,0.80,2,all_normal
2026-06-05,hualien,0,0.0391,0.50,1,single_method
2026-06-05,mexico_guerrero,0,0.0165,0.80,2,all_normal
2026-06-07,ridgecrest,0,0.0445,0.80,3,all_normal
2026-06-07,socal_saf_mojave,0,0.0320,0.80,3,all_normal
2026-06-07,socal_saf_coachella,0,0.0462,0.80,3,all_normal
2026-06-07,norcal_hayward,0,0.0797,0.80,2,all_normal
2026-06-07,cascadia,0,0.0581,0.80,3,all_normal
2026-06-07,tokyo_kanto,0,0.1740,0.80,3,all_normal
2026-06-07,istanbul_marmara,0,0.0340,0.80,3,all_normal
2026-06-07,turkey_kahramanmaras,0,0.0366,0.80,2,all_normal
2026-06-07,campi_flegrei,0,0.0104,0.50,1,single_method
2026-06-07,kaikoura,0,0.0145,0.80,2,all_normal
2026-06-07,anchorage,0,0.0160,0.80,2,all_normal
2026-06-07,kumamoto,0,0.2081,0.80,2,all_normal
2026-06-07,hualien,1,0.2885,0.50,1,single_method
2026-06-07,mexico_guerrero,0,0.0109,0.80,2,all_normal
2026-06-08,ridgecrest,1,0.3362,0.60,3,mixed
2026-06-08,socal_saf_mojave,1,0.3014,0.60,3,mixed
2026-06-08,socal_saf_coachella,1,0.3349,0.60,3,mixed
2026-06-08,norcal_hayward,1,0.3340,0.75,2,mostly_elevated
2026-06-08,cascadia,1,0.4340,0.75,3,mostly_elevated
2026-06-08,tokyo_kanto,1,0.2632,0.60,3,mixed
2026-06-08,istanbul_marmara,1,0.2890,0.60,3,mixed
2026-06-08,turkey_kahramanmaras,1,0.3952,0.75,2,mostly_elevated
2026-06-08,campi_flegrei,0,0.0000,0.50,1,single_method
2026-06-08,kaikoura,0,0.0185,0.80,2,all_normal
2026-06-08,anchorage,0,0.1982,0.80,2,all_normal
2026-06-08,kumamoto,0,0.0923,0.80,2,all_normal
2026-06-08,hualien,0,0.1250,0.50,1,single_method
2026-06-08,mexico_guerrero,0,0.0983,0.80,2,all_normal
2026-06-09,ridgecrest,1,0.2979,0.60,3,mixed
2026-06-09,socal_saf_mojave,1,0.2631,0.60,3,mixed
2026-06-09,socal_saf_coachella,1,0.2971,0.60,3,mixed
2026-06-09,norcal_hayward,0,0.0490,0.80,2,all_normal
2026-06-09,cascadia,0,0.2399,0.60,3,mixed
2026-06-09,tokyo_kanto,0,0.2139,0.60,3,mixed
2026-06-09,istanbul_marmara,1,0.3101,0.60,3,mixed
2026-06-09,turkey_kahramanmaras,1,0.4285,0.75,2,mostly_elevated
2026-06-09,campi_flegrei,0,0.0000,0.50,1,single_method
2026-06-09,kaikoura,0,0.2426,0.75,2,mostly_elevated
2026-06-09,anchorage,0,0.0818,0.80,2,all_normal
2026-06-09,kumamoto,0,0.0173,0.80,2,all_normal
2026-06-09,hualien,0,0.0307,0.50,1,single_method
2026-06-09,mexico_guerrero,0,0.0748,0.80,2,all_normal
2026-06-10,ridgecrest,0,0.0426,0.80,3,all_normal
2026-06-10,socal_saf_mojave,0,0.0327,0.80,3,all_normal
2026-06-10,socal_saf_coachella,0,0.0453,0.80,3,all_normal
2026-06-10,norcal_hayward,0,0.0281,0.80,2,all_normal
2026-06-10,cascadia,0,0.0438,0.80,3,all_normal
2026-06-10,tokyo_kanto,0,0.0704,0.80,3,all_normal
2026-06-10,istanbul_marmara,0,0.0424,0.80,3,all_normal
2026-06-10,turkey_kahramanmaras,0,0.0497,0.80,2,all_normal
2026-06-10,campi_flegrei,0,0.0000,0.50,1,single_method
2026-06-10,kaikoura,0,0.1397,0.80,2,all_normal
2026-06-10,anchorage,0,0.0696,0.80,2,all_normal
2026-06-10,kumamoto,0,0.0572,0.80,2,all_normal
2026-06-10,hualien,0,0.0655,0.50,1,single_method
2026-06-10,mexico_guerrero,0,0.1570,0.80,2,all_normal
2026-06-11,ridgecrest,0,0.0460,0.80,3,all_normal
2026-06-11,socal_saf_mojave,0,0.0374,0.80,3,all_normal
2026-06-11,socal_saf_coachella,0,0.0410,0.80,3,all_normal
2026-06-11,norcal_hayward,0,0.0375,0.80,2,all_normal
2026-06-11,cascadia,0,0.0481,0.80,3,all_normal
2026-06-11,tokyo_kanto,0,0.1106,0.80,3,all_normal
2026-06-11,istanbul_marmara,0,0.0448,0.80,3,all_normal
2026-06-11,turkey_kahramanmaras,0,0.0528,0.80,2,all_normal
2026-06-11,campi_flegrei,0,0.0000,0.50,1,single_method
2026-06-11,kaikoura,0,0.0600,0.80,2,all_normal
2026-06-11,anchorage,0,0.0913,0.80,2,all_normal
2026-06-11,kumamoto,0,0.1161,0.80,2,all_normal
2026-06-11,hualien,0,0.1922,0.50,1,single_method
2026-06-11,mexico_guerrero,0,0.0564,0.80,2,all_normal
2026-06-12,ridgecrest,0,0.0406,0.80,3,all_normal
2026-06-12,socal_saf_mojave,0,0.0261,0.80,3,all_normal
2026-06-12,socal_saf_coachella,0,0.0442,0.80,3,all_normal
2026-06-12,norcal_hayward,0,0.0431,0.80,2,all_normal
2026-06-12,cascadia,0,0.0535,0.80,3,all_normal
2026-06-12,tokyo_kanto,0,0.1705,0.80,3,all_normal
2026-06-12,istanbul_marmara,0,0.0738,0.80,3,all_normal
2026-06-12,turkey_kahramanmaras,0,0.0634,0.80,2,all_normal
2026-06-12,campi_flegrei,0,0.0000,0.50,1,single_method
2026-06-12,kaikoura,0,0.0244,0.80,2,all_normal
2026-06-12,anchorage,0,0.1311,0.80,2,all_normal
2026-06-12,kumamoto,0,0.2010,0.80,2,all_normal
2026-06-12,hualien,1,0.3306,0.50,1,single_method
2026-06-12,mexico_guerrero,0,0.0044,0.80,2,all_normal
2026-06-13,ridgecrest,0,0.0436,0.80,3,all_normal
2026-06-13,socal_saf_mojave,0,0.0374,0.80,3,all_normal
2026-06-13,socal_saf_coachella,0,0.0486,0.80,3,all_normal
2026-06-13,norcal_hayward,0,0.2260,0.75,2,mostly_elevated
2026-06-13,cascadia,0,0.0629,0.80,3,all_normal
2026-06-13,tokyo_kanto,0,0.2381,0.60,3,mixed
2026-06-13,istanbul_marmara,0,0.0386,0.80,3,all_normal
2026-06-13,turkey_kahramanmaras,0,0.0873,0.80,2,all_normal
2026-06-13,campi_flegrei,0,0.0000,0.50,1,single_method
2026-06-13,kaikoura,0,0.0174,0.80,2,all_normal
2026-06-13,anchorage,0,0.1910,0.80,2,all_normal
2026-06-13,kumamoto,1,0.3003,0.75,2,mostly_elevated
2026-06-13,hualien,1,0.4584,0.50,1,single_method
2026-06-13,mexico_guerrero,0,0.0044,0.80,2,all_normal
